allocator,operating_point,filter_db,scenario,mean_accepted,mean_utility,mean_fidelity,mean_insecure_admitted,mean_insecure_edges,mean_delta_f,n
congestion_aware_greedy,"1.4 V, 1.6 ns",0.0,aware,7.45,23.409285081473815,0.8477855877949179,0.0,0.0,0.004249670326224961,20
congestion_aware_greedy,"1.4 V, 1.6 ns",0.0,blind,7.45,23.409285081473815,0.8477855877949179,0.0,0.0,0.004249670326224961,20
congestion_aware_greedy,"1.4 V, 1.6 ns",0.0,clean,7.65,23.979696485215023,0.8547532591992381,0.0,0.0,0.0,20
congestion_aware_greedy,"1.4 V, 1.6 ns",10.0,aware,7.6,23.912525694011862,0.8541018982511321,0.0,0.0,0.0004293066538113515,20
congestion_aware_greedy,"1.4 V, 1.6 ns",10.0,blind,7.6,23.912525694011862,0.8541018982511321,0.0,0.0,0.0004293066538113515,20
congestion_aware_greedy,"1.4 V, 1.6 ns",10.0,clean,7.65,23.979696485215023,0.8547532591992381,0.0,0.0,0.0,20
congestion_aware_greedy,"1.4 V, 1.6 ns",20.0,aware,7.55,23.901779742115558,0.8548779375846773,0.0,0.0,4.2974669493977576e-05,20
congestion_aware_greedy,"1.4 V, 1.6 ns",20.0,blind,7.55,23.901779742115558,0.8548779375846773,0.0,0.0,4.2974669493977576e-05,20
congestion_aware_greedy,"1.4 V, 1.6 ns",20.0,clean,7.65,23.979696485215023,0.8547532591992381,0.0,0.0,0.0,20
congestion_aware_greedy,"1.4 V, 200 ps",0.0,aware,7.6,23.908086204636902,0.8539266165064854,0.0,0.0,0.0005274690408713284,20
congestion_aware_greedy,"1.4 V, 200 ps",0.0,blind,7.6,23.908086204636902,0.8539266165064854,0.0,0.0,0.0005274690408713284,20
congestion_aware_greedy,"1.4 V, 200 ps",0.0,clean,7.65,23.979696485215023,0.8547532591992381,0.0,0.0,0.0,20
congestion_aware_greedy,"1.4 V, 200 ps",10.0,aware,7.55,23.90134108944644,0.8548603084714929,0.0,0.0,5.281334313475595e-05,20
congestion_aware_greedy,"1.4 V, 200 ps",10.0,blind,7.55,23.90134108944644,0.8548603084714929,0.0,0.0,5.281334313475595e-05,20
congestion_aware_greedy,"1.4 V, 200 ps",10.0,clean,7.65,23.979696485215023,0.8547532591992381,0.0,0.0,0.0,20
congestion_aware_greedy,"1.4 V, 200 ps",20.0,aware,7.55,23.903460376819563,0.8549454791782699,0.0,0.0,5.281999849330548e-06,20
congestion_aware_greedy,"1.4 V, 200 ps",20.0,blind,7.55,23.903460376819563,0.8549454791782699,0.0,0.0,5.281999849330548e-06,20
congestion_aware_greedy,"1.4 V, 200 ps",20.0,clean,7.65,23.979696485215023,0.8547532591992381,0.0,0.0,0.0,20
congestion_aware_greedy,"2.0 V, 1.6 ns",0.0,aware,2.0,6.395392529021477,0.8378501319501804,0.0,6.15,0.01052100455655508,20
congestion_aware_greedy,"2.0 V, 1.6 ns",0.0,blind,7.3,22.40475500690766,0.8407569549217448,5.75,6.15,0.01052100455655508,20
congestion_aware_greedy,"2.0 V, 1.6 ns",0.0,clean,7.65,23.979696485215023,0.8547532591992381,0.0,0.0,0.0,20
congestion_aware_greedy,"2.0 V, 1.6 ns",10.0,aware,7.6,23.88317144122717,0.8529424586308971,0.0,0.0,0.001078981202899245,20
congestion_aware_greedy,"2.0 V, 1.6 ns",10.0,blind,7.6,23.88317144122717,0.8529424586308971,0.0,0.0,0.001078981202899245,20
congestion_aware_greedy,"2.0 V, 1.6 ns",10.0,clean,7.65,23.979696485215023,0.8547532591992381,0.0,0.0,0.0,20
congestion_aware_greedy,"2.0 V, 1.6 ns",20.0,aware,7.55,23.89887300515471,0.8547611143937942,0.0,0.0,0.00010817638527542536,20
congestion_aware_greedy,"2.0 V, 1.6 ns",20.0,blind,7.55,23.89887300515471,0.8547611143937942,0.0,0.0,0.00010817638527542536,20
congestion_aware_greedy,"2.0 V, 1.6 ns",20.0,clean,7.65,23.979696485215023,0.8547532591992381,0.0,0.0,0.0,20
cp_sat_exact,"1.4 V, 1.6 ns",0.0,aware,7.65,23.70646488689848,0.8452209298255561,0.0,0.0,0.004249670326224961,20
cp_sat_exact,"1.4 V, 1.6 ns",0.0,blind,7.65,23.706450959630573,0.8452204773477163,0.0,0.0,0.004249670326224961,20
cp_sat_exact,"1.4 V, 1.6 ns",0.0,clean,7.75,24.107970852180465,0.8526316893324288,0.0,0.0,0.0,20
cp_sat_exact,"1.4 V, 1.6 ns",10.0,aware,7.75,24.090128581132635,0.851898946650999,0.0,0.0,0.0004293066538113515,20
cp_sat_exact,"1.4 V, 1.6 ns",10.0,blind,7.75,24.090128581132635,0.851898946650999,0.0,0.0,0.0004293066538113515,20
cp_sat_exact,"1.4 V, 1.6 ns",10.0,clean,7.75,24.107970852180465,0.8526316893324288,0.0,0.0,0.0,20
cp_sat_exact,"1.4 V, 1.6 ns",20.0,aware,7.75,24.106148615452256,0.852556785425096,0.0,0.0,4.2974669493977576e-05,20
cp_sat_exact,"1.4 V, 1.6 ns",20.0,blind,7.75,24.106118929652954,0.852556114403755,0.0,0.0,4.2974669493977576e-05,20
cp_sat_exact,"1.4 V, 1.6 ns",20.0,clean,7.75,24.107970852180465,0.8526316893324288,0.0,0.0,0.0,20
cp_sat_exact,"1.4 V, 200 ps",0.0,aware,7.75,24.08598869218528,0.8517289890286568,0.0,0.0,0.0005274690408713284,20
cp_sat_exact,"1.4 V, 200 ps",0.0,blind,7.75,24.08598869218528,0.8517289890286568,0.0,0.0,0.0005274690408713284,20
cp_sat_exact,"1.4 V, 200 ps",0.0,clean,7.75,24.107970852180465,0.8526316893324288,0.0,0.0,0.0,20
cp_sat_exact,"1.4 V, 200 ps",10.0,aware,7.75,24.10575089469432,0.852539999640129,0.0,0.0,5.281334313475595e-05,20
cp_sat_exact,"1.4 V, 200 ps",10.0,blind,7.75,24.105745491952415,0.8525400730290482,0.0,0.0,5.281334313475595e-05,20
cp_sat_exact,"1.4 V, 200 ps",10.0,clean,7.75,24.107970852180465,0.8526316893324288,0.0,0.0,0.0,20
cp_sat_exact,"1.4 V, 200 ps",20.0,aware,7.75,24.10774066090959,0.8526224794045751,0.0,0.0,5.281999849330548e-06,20
cp_sat_exact,"1.4 V, 200 ps",20.0,blind,7.75,24.107740999632306,0.8526224883552537,0.0,0.0,5.281999849330548e-06,20
cp_sat_exact,"1.4 V, 200 ps",20.0,clean,7.75,24.107970852180465,0.8526316893324288,0.0,0.0,0.0,20
cp_sat_exact,"2.0 V, 1.6 ns",0.0,aware,2.0,6.395392529021477,0.8378501319501804,0.0,6.15,0.01052100455655508,20
cp_sat_exact,"2.0 V, 1.6 ns",0.0,blind,7.45,22.631443013684137,0.8381882881816377,6.0,6.15,0.01052100455655508,20
cp_sat_exact,"2.0 V, 1.6 ns",0.0,clean,7.75,24.107970852180465,0.8526316893324288,0.0,0.0,0.0,20
cp_sat_exact,"2.0 V, 1.6 ns",10.0,aware,7.75,24.063211506325132,0.8507922341691918,0.0,0.0,0.001078981202899245,20
cp_sat_exact,"2.0 V, 1.6 ns",10.0,blind,7.75,24.063211506325132,0.8507922341691918,0.0,0.0,0.001078981202899245,20
cp_sat_exact,"2.0 V, 1.6 ns",10.0,clean,7.75,24.107970852180465,0.8526316893324288,0.0,0.0,0.0,20
cp_sat_exact,"2.0 V, 1.6 ns",20.0,aware,7.75,24.103411142619763,0.8524446705187142,0.0,0.0,0.00010817638527542536,20
cp_sat_exact,"2.0 V, 1.6 ns",20.0,blind,7.75,24.103393747538124,0.852443542537902,0.0,0.0,0.00010817638527542536,20
cp_sat_exact,"2.0 V, 1.6 ns",20.0,clean,7.75,24.107970852180465,0.8526316893324288,0.0,0.0,0.0,20
greedy_local_search,"1.4 V, 1.6 ns",0.0,aware,7.35,23.136470513759235,0.8490001168456551,0.0,0.0,0.004249670326224961,20
greedy_local_search,"1.4 V, 1.6 ns",0.0,blind,7.35,23.136470513759235,0.8490001168456551,0.0,0.0,0.004249670326224961,20
greedy_local_search,"1.4 V, 1.6 ns",0.0,clean,7.65,23.79065689678275,0.8548956390676719,0.0,0.0,0.0,20
greedy_local_search,"1.4 V, 1.6 ns",10.0,aware,7.45,23.543001171189207,0.8548608129446442,0.0,0.0,0.0004293066538113515,20
greedy_local_search,"1.4 V, 1.6 ns",10.0,blind,7.45,23.543001171189207,0.8548608129446442,0.0,0.0,0.0004293066538113515,20
greedy_local_search,"1.4 V, 1.6 ns",10.0,clean,7.65,23.79065689678275,0.8548956390676719,0.0,0.0,0.0,20
greedy_local_search,"1.4 V, 1.6 ns",20.0,aware,7.45,23.5566509726928,0.8554952118721338,0.0,0.0,4.2974669493977576e-05,20
greedy_local_search,"1.4 V, 1.6 ns",20.0,blind,7.45,23.5566509726928,0.8554952118721338,0.0,0.0,4.2974669493977576e-05,20
greedy_local_search,"1.4 V, 1.6 ns",20.0,clean,7.65,23.79065689678275,0.8548956390676719,0.0,0.0,0.0,20
greedy_local_search,"1.4 V, 200 ps",0.0,aware,7.45,23.53953430736975,0.854699686549577,0.0,0.0,0.0005274690408713284,20
greedy_local_search,"1.4 V, 200 ps",0.0,blind,7.45,23.53953430736975,0.854699686549577,0.0,0.0,0.0005274690408713284,20
greedy_local_search,"1.4 V, 200 ps",0.0,clean,7.65,23.79065689678275,0.8548956390676719,0.0,0.0,0.0,20
greedy_local_search,"1.4 V, 200 ps",10.0,aware,7.45,23.55630324649438,0.8554790504960798,0.0,0.0,5.281334313475595e-05,20
greedy_local_search,"1.4 V, 200 ps",10.0,blind,7.45,23.55630324649438,0.8554790504960798,0.0,0.0,5.281334313475595e-05,20
greedy_local_search,"1.4 V, 200 ps",10.0,clean,7.65,23.79065689678275,0.8548956390676719,0.0,0.0,0.0,20
greedy_local_search,"1.4 V, 200 ps",20.0,aware,7.45,23.557983189236356,0.8555571297915678,0.0,0.0,5.281999849330548e-06,20
greedy_local_search,"1.4 V, 200 ps",20.0,blind,7.45,23.557983189236356,0.8555571297915678,0.0,0.0,5.281999849330548e-06,20
greedy_local_search,"1.4 V, 200 ps",20.0,clean,7.65,23.79065689678275,0.8548956390676719,0.0,0.0,0.0,20
greedy_local_search,"2.0 V, 1.6 ns",0.0,aware,2.0,6.395392529021477,0.8378501319501804,0.0,6.15,0.01052100455655508,20
greedy_local_search,"2.0 V, 1.6 ns",0.0,blind,7.2,22.15336010849868,0.8413637543252518,5.75,6.15,0.01052100455655508,20
greedy_local_search,"2.0 V, 1.6 ns",0.0,clean,7.65,23.79065689678275,0.8548956390676719,0.0,0.0,0.0,20
greedy_local_search,"2.0 V, 1.6 ns",10.0,aware,7.45,23.520066662285267,0.853794923117213,0.0,0.0,0.001078981202899245,20
greedy_local_search,"2.0 V, 1.6 ns",10.0,blind,7.45,23.520066662285267,0.853794923117213,0.0,0.0,0.001078981202899245,20
greedy_local_search,"2.0 V, 1.6 ns",10.0,clean,7.65,23.79065689678275,0.8548956390676719,0.0,0.0,0.0,20
greedy_local_search,"2.0 V, 1.6 ns",20.0,aware,7.45,23.554346667474068,0.8553881141540474,0.0,0.0,0.00010817638527542536,20
greedy_local_search,"2.0 V, 1.6 ns",20.0,blind,7.45,23.554346667474068,0.8553881141540474,0.0,0.0,0.00010817638527542536,20
greedy_local_search,"2.0 V, 1.6 ns",20.0,clean,7.65,23.79065689678275,0.8548956390676719,0.0,0.0,0.0,20
utility_per_resource_greedy,"1.4 V, 1.6 ns",0.0,aware,7.35,23.136470513759235,0.8490001168456551,0.0,0.0,0.004249670326224961,20
utility_per_resource_greedy,"1.4 V, 1.6 ns",0.0,blind,7.35,23.136470513759235,0.8490001168456551,0.0,0.0,0.004249670326224961,20
utility_per_resource_greedy,"1.4 V, 1.6 ns",0.0,clean,7.65,23.79065689678275,0.8548956390676719,0.0,0.0,0.0,20
utility_per_resource_greedy,"1.4 V, 1.6 ns",10.0,aware,7.45,23.543001171189207,0.8548608129446442,0.0,0.0,0.0004293066538113515,20
utility_per_resource_greedy,"1.4 V, 1.6 ns",10.0,blind,7.45,23.543001171189207,0.8548608129446442,0.0,0.0,0.0004293066538113515,20
utility_per_resource_greedy,"1.4 V, 1.6 ns",10.0,clean,7.65,23.79065689678275,0.8548956390676719,0.0,0.0,0.0,20
utility_per_resource_greedy,"1.4 V, 1.6 ns",20.0,aware,7.45,23.5566509726928,0.8554952118721338,0.0,0.0,4.2974669493977576e-05,20
utility_per_resource_greedy,"1.4 V, 1.6 ns",20.0,blind,7.45,23.5566509726928,0.8554952118721338,0.0,0.0,4.2974669493977576e-05,20
utility_per_resource_greedy,"1.4 V, 1.6 ns",20.0,clean,7.65,23.79065689678275,0.8548956390676719,0.0,0.0,0.0,20
utility_per_resource_greedy,"1.4 V, 200 ps",0.0,aware,7.45,23.53953430736975,0.854699686549577,0.0,0.0,0.0005274690408713284,20
utility_per_resource_greedy,"1.4 V, 200 ps",0.0,blind,7.45,23.53953430736975,0.854699686549577,0.0,0.0,0.0005274690408713284,20
utility_per_resource_greedy,"1.4 V, 200 ps",0.0,clean,7.65,23.79065689678275,0.8548956390676719,0.0,0.0,0.0,20
utility_per_resource_greedy,"1.4 V, 200 ps",10.0,aware,7.45,23.55630324649438,0.8554790504960798,0.0,0.0,5.281334313475595e-05,20
utility_per_resource_greedy,"1.4 V, 200 ps",10.0,blind,7.45,23.55630324649438,0.8554790504960798,0.0,0.0,5.281334313475595e-05,20
utility_per_resource_greedy,"1.4 V, 200 ps",10.0,clean,7.65,23.79065689678275,0.8548956390676719,0.0,0.0,0.0,20
utility_per_resource_greedy,"1.4 V, 200 ps",20.0,aware,7.45,23.557983189236356,0.8555571297915678,0.0,0.0,5.281999849330548e-06,20
utility_per_resource_greedy,"1.4 V, 200 ps",20.0,blind,7.45,23.557983189236356,0.8555571297915678,0.0,0.0,5.281999849330548e-06,20
utility_per_resource_greedy,"1.4 V, 200 ps",20.0,clean,7.65,23.79065689678275,0.8548956390676719,0.0,0.0,0.0,20
utility_per_resource_greedy,"2.0 V, 1.6 ns",0.0,aware,2.0,6.395392529021477,0.8378501319501804,0.0,6.15,0.01052100455655508,20
utility_per_resource_greedy,"2.0 V, 1.6 ns",0.0,blind,7.2,22.15336010849868,0.8413637543252518,5.75,6.15,0.01052100455655508,20
utility_per_resource_greedy,"2.0 V, 1.6 ns",0.0,clean,7.65,23.79065689678275,0.8548956390676719,0.0,0.0,0.0,20
utility_per_resource_greedy,"2.0 V, 1.6 ns",10.0,aware,7.45,23.520066662285267,0.853794923117213,0.0,0.0,0.001078981202899245,20
utility_per_resource_greedy,"2.0 V, 1.6 ns",10.0,blind,7.45,23.520066662285267,0.853794923117213,0.0,0.0,0.001078981202899245,20
utility_per_resource_greedy,"2.0 V, 1.6 ns",10.0,clean,7.65,23.79065689678275,0.8548956390676719,0.0,0.0,0.0,20
utility_per_resource_greedy,"2.0 V, 1.6 ns",20.0,aware,7.45,23.554346667474068,0.8553881141540474,0.0,0.0,0.00010817638527542536,20
utility_per_resource_greedy,"2.0 V, 1.6 ns",20.0,blind,7.45,23.554346667474068,0.8553881141540474,0.0,0.0,0.00010817638527542536,20
utility_per_resource_greedy,"2.0 V, 1.6 ns",20.0,clean,7.65,23.79065689678275,0.8548956390676719,0.0,0.0,0.0,20
