length_km,ideal,"tha[1.4 V, 200 ps]","dual_naive[1.4 V, 200 ps]","dual_aware[1.4 V, 200 ps]","tha[1.4 V, 1.6 ns]","dual_naive[1.4 V, 1.6 ns]","dual_aware[1.4 V, 1.6 ns]","tha[2.0 V, 1.6 ns]","dual_naive[2.0 V, 1.6 ns]","dual_aware[2.0 V, 1.6 ns]"
0.0,0.09922220987897759,0.08428756717917463,0.09604452230518859,0.09641219739959839,0.04939738428496318,0.07634819166579138,0.07686456767394112,0.020424876006126816,0.04850905916789136,0.04926694609868648
1.0,0.094667331367877,0.08001752676705619,0.09202047004472051,0.09238178432438475,0.045854835843708155,0.07539004278011083,0.07587535028498293,0.01782669431165352,0.05154273332656564,0.05223098587452428
2.0,0.09032404816258421,0.07595331667156932,0.08812002385150208,0.08847509434760453,0.04250996215599642,0.07409663160834673,0.0745550350211405,0.015421520626163615,0.05370863289787338,0.05433733503532544
3.0,0.08618240519349753,0.07208511586233231,0.08434762521617503,0.08469648135637546,0.039353197452702195,0.07253721275856602,0.07297214226695305,0.013199953582074346,0.05513907322217184,0.055716730081295775
4.0,0.08223291636954633,0.06840356985718163,0.08070587907789811,0.08104848699338293,0.03637543762115947,0.07077083301343193,0.07118510770504945,0.011153042512934848,0.055950408765661264,0.05648417248348178
5.0,0.07846654350783308,0.06489976966088114,0.07719588921129583,0.07753217138098961,0.03356801909166975,0.06884759001956768,0.0692435224578486,0.009272265640866884,0.056244380622793494,0.05674025054842696
6.0,0.07487467601503096,0.06156523145899595,0.07381754237001534,0.07414739336328283,0.030922698481145285,0.06680977235653907,0.06718925698375566,0.007549508966395361,0.05610949525476591,0.056572493416506775
7.0,0.07144911132171082,0.058391877067766135,0.07056974805148102,0.0708930470179838,0.02843163299360129,0.06469288336195828,0.06505747090635405,0.005977045853896183,0.055622378744705936,0.05605670224061421
8.0,0.06818203606633455,0.05537201513640396,0.06745063999215163,0.0677672604499067,0.026087361572803808,0.06252655418061119,0.06287751402771752,0.004547517300880401,0.05484907047069977,0.05525822283698513
9.0,0.06506600802188073,0.05249832309448887,0.06445774480001981,0.06476756218850332,0.02388278679862258,0.06033535331109333,0.06067372558077442,0.003253912874878402,0.05384623433023329,0.05423313808581995
10.0,0.062093938754900865,0.04976382983398336,0.06158812248259057,0.061891019875293544,0.021811157515462632,0.05813950083201065,0.058466139692649716,0.002089552297706055,0.05266227579860322,0.053029368352229045
11.0,0.05925907700400653,0.04716189911261945,0.05883848303451923,0.059134355343374995,0.019866052178370792,0.055955495789221904,0.056271105344727415,0.001048067653230171,0.051338360193443136,0.05168767519387869
12.0,0.05655499276256885,0.044686213663202315,0.05620528270963493,0.056494039660783604,0.018041362900178236,0.05379666512722235,0.054101829033807725,0.00012338619147181807,0.049909332339473395,0.05024256839195505
13.0,0.05397556204858431,0.04233075999156643,0.053684803116247744,0.05396637123141005,0.016331280181191527,0.051673642202934536,0.05196884801204367,0.0,0.04840454098716654,0.0487231194776405
14.0,0.051514952343093175,0.040089813844373365,0.05127321584044209,0.051547539619886854,0.014730278301378153,0.049594782435376905,0.04988044151652387,0.0,0.04684857329482021,0.047153686875998024
15.0,0.049167608677486346,0.03795792632689967,0.04896663491750103,0.04923367738797244,0.013233101353883406,0.047566523091845475,0.04784298686357931,0.0,0.04526190578156988,0.04555455889166288
16.0,0.04692824034907966,0.035929910650026584,0.04676115913304187,0.04702090189648971,0.011834749897744,0.04559369363633413,0.04586126672399358,0.0,0.04366147865723281,0.04394252127013733
17.0,0.0447918082437938,0.03400082948511209,0.04465290583977842,0.044905348735426724,0.01053046820705196,0.04367978249713307,0.04393873334094455,0.0,0.04206120052655119,0.04233135617417
18.0,0.04275351274436852,0.03216598290503115,0.04263803771906493,0.042883198191669476,0.009315732093357475,0.04182716556297356,0.0420777349180575,0.0,0.04047239029166888,0.040732279256430484
19.0,0.04080878220233429,0.030420896889476808,0.04071278369464938,0.040950695945267415,0.00818623727782163,0.040037301198430394,0.040279708897912395,0.0,0.038904162740422014,0.03915432118901397
20.0,0.03895326195195627,0.02876131237261723,0.03887345501568438,0.03910416899735069,0.007137888289527336,0.038310896082446214,0.038545346374768794,0.0,0.03736376388204857,0.03760465959921496
21.0,0.037182803844515826,0.027183174811361274,0.03711645736328657,0.03734003767226921,0.006166787866387734,0.03664804571957763,0.036874731439930364,0.0,0.03585686162558041,0.0360889069087017
22.0,0.035493456281450085,0.025682624252657108,0.035438299696201665,0.035654824399782716,0.005269226835153506,0.03504835305144347,0.0352674588439336,0.0,0.03438779692181416,0.03461135911167803
23.0,0.03388145472530151,0.02425598587867987,0.03383560043365197,0.03404515986715248,0.004441674447273073,0.03351102820566952,0.03372273297619101,0.0,0.03295980002674499,0.03317521007614132
24.0,0.03234321266778509,0.022899761009135346,0.032305091473865,0.03250778703286454,0.0036807691475761297,0.032034972060527925,0.03223945080946567,0.0,0.03157517610312907,0.031782735521484654
25.0,0.030875313034807422,0.02161061854043518,0.030843620463023087,0.03103956341102404,0.0029833097530705746,0.030618845975140883,0.030816271133131665,0.0,0.030235463962226858,0.030435450420214984
26.0,0.02947450000879126,0.020385386802028095,0.02944815165875582,0.029637461965886874,0.002346247019454008,0.029261129736779894,0.02945167210505308,0.0,0.028941571361175852,0.0291342431929745
27.0,0.028137671249249038,0.019221045810767615,0.028115765673163762,0.028298570897631624,0.0017666755732798265,0.027960169507658783,0.02814399888634845,0.0,0.027693889912497972,0.027879489714101334
28.0,0.026861870493172544,0.018114719904822916,0.02684365833078508,0.027020092551620953,0.0012418261880492313,0.026714217312563668,0.026891502885248796,0.0,0.026492392330059723,0.026671149818820516
29.0,0.025644280517438764,0.01706367073927954,0.025629138835532472,0.025799341642554353,0.0007690583828093263,0.025521463394274566,0.025692373924413175,0.0,0.025336714429286346,0.025508848701835684
30.0,0.024482216446047898,0.01606529062619831,0.024469627406010955,0.024633742950863707,0.0003458533220954351,0.02438006257436176,0.024544766458864657,0.0,0.024226224017599086,0.024391945319781245
31.0,0.023373119385726282,0.015117096202617211,0.0233626525099468,0.02352082862033348,0.0,0.023288155590863894,0.023446820807369245,0.0,0.02316007855330459,0.023319589655986173
32.0,0.022314550374043625,0.014216722410602997,0.022305847804460772,0.02245823516234075,0.0,0.022243886239465018,0.022396680216721955,0.0,0.02213727321658909,0.02229077047467449
33.0,0.02130418462483756,0.0133619167741089,0.021296948869069743,0.021443700252538042,0.0,0.021245415019159948,0.021392504454041644,0.0,0.021156680824118736,0.02130435498237632
34.0,0.02033980605643753,0.012550533958089308,0.020333789801872632,0.020475059389563642,0.0,0.02029092987505918,0.020432480514860803,0.0,0.02021708482836711,0.020359121626143124
35.0,0.01941930208874305,0.011780530595895863,0.01941429973566836,0.01955024247193926,0.0,0.019378654537947987,0.019514830942642093,0.0,0.019317206472790543,0.019453787090194526
36.0,0.018540658695919435,0.01104996037167929,0.01853649931961127,0.018667270338214605,0.0,0.018506854880675917,0.018637820176528815,0.0,0.018455727023476774,0.018587028403699444
37.0,0.01770195570199121,0.010356969345050373,0.017698497202593016,0.017824251306255617,0.0,0.01767384364367486,0.017799759276993288,0.0,0.017631305865336493,0.01775750094123205
38.0,0.016901362307277353,0.009699791505908977,0.016898486546972676,0.017019377740043386,0.0,0.016877983824444144,0.01699900932204083,0.0,0.01684259513499279,0.01696385298265358
39.0,0.016137132834127873,0.009076744547873012,0.016134741594964058,0.01625092266614776,0.0,0.01611769097713488,0.016233983718376366,0.0,0.0160882514616609,0.01620473739926741
40.0,0.015407602681033257,0.008486225849344047,0.015405614304871421,0.015517236456964185,0.0,0.01539143462734051,0.015503149631208737,0.0,0.01536694530008889,0.015478820946649525
41.0,0.01471118447462356,0.007926708651702067,0.014709531070066827,0.01481674359363778,0.0,0.014697738972566802,0.014805028702081816,0.0,0.014677368264454854,0.014784791570073563
42.0,0.014046364409680996,0.007396738424716123,0.014044989530279993,0.014147939518224845,0.0,0.0140351830098765,0.014138197195301834,0.0,0.014018238807795277,0.0141213640646112
43.0,0.013411698767710964,0.0068949294096873285,0.013410555481899995,0.013509387581867411,0.0,0.013402400207806068,0.01350128568938076,0.0,0.013388306536459558,0.013487284377444253
44.0,0.012805810605107795,0.00641996133132778,0.01280485989175168,0.01289971609354398,0.0,0.012798077819302351,0.012892978409693114,0.0,0.012786355402385841,0.012881332793518788
45.0,0.012227386602415768,0.005970576269839654,0.012226596017015479,0.01231761547214858,0.0,0.012220955915415723,0.012312012281652887,0.0,0.012211205976254922,0.012302326206305659
46.0,0.011675174066590042,0.005545575685065053,0.011674516632469547,0.011761835503214527,0.0,0.011669826205259292,0.011757175769629116,0.0,0.011661716971070088,0.011749119642132985
47.0,0.011147978078590652,0.00514381758500025,0.011147431365104193,0.011231182700454638,0.0,0.011143530695966283,0.011227307555074662,0.0,0.011136786157386589,0.011220607178468584
48.0,0.010644658779020924,0.004764213831346557,0.010644204135213681,0.010724517771375564,0.0,0.010640960236510068,0.010721295097590186,0.0,0.010635350787611665,0.010715722372887726
49.0,0.010164128784905054,0.00440572757514684,0.01016375070241665,0.01024075318552663,0.0,0.010161052981108185,0.010238073114523408,0.0,0.01015638762678213,0.01023343829960098
50.0,0.009705350731035395,0.0040673708158954075,0.009705036314419787,0.0097788508433895,0.0,0.00970279280115445,0.009776622007993625,0.0,0.009698912670487583,0.009772767273776824
51.0,0.009267334929687523,0.0037482020778637744,0.00926707345604576,0.009337819843510545,0.0,0.009265207669050354,0.009335966262647951,0.0,0.009261980616570645,0.009332760329957087
52.0,0.008849137142783105,0.003447324197672379,0.00884891969564268,0.008916714345167236,0.0,0.008847368032606624,0.0089151728328605,0.0,0.008844684145522187,0.008912506509233597
53.0,0.008449856460908095,0.0031638822174552585,0.00844967562581766,0.00851463152364176,0.0,0.008448385194934243,0.0085133495342712,0.0,0.008446153054700615,0.008511132000135212
54.0,0.008068633283878699,0.0028970613782459526,0.008068482895317263,0.008130709615041209,0.0,0.008067409711557966,0.008129643451441541,0.0,0.008065553283410966,0.008127799170095231
55.0,0.007704647397821429,0.0026460852084800035,0.007704522328767855,0.007764126047496461,0.0,0.007703629813903759,0.007763239370810214,0.0,0.007702085859067613,0.0077617055176387
56.0,0.007357116143973446,0.002410213702748371,0.007357012130940294,0.007414095655546017,0.0,0.007356269866180829,0.007413358246028179,0.0,0.007354985789061495,0.007412082569837743
57.0,0.007025292674697182,0.0021887415862063566,0.007025206172254578,0.0070798689744920925,0.0,0.007024588860944305,0.007079255701009966,0.0,0.007023520918301469,0.007078194744947736
58.0,0.006708464292376906,0.0019809966602242794,0.006708392352186346,0.00676073061154608,0.0,0.006707878957219173,0.00676022057463195,0.0,0.0067069907685013,0.006759338196300807
59.0,0.006405950867158344,0.0017863382251307228,0.0064058910373947,0.006455997690618712,0.0,0.006405464063884534,0.006455573509847105,0.0,0.006404725372148819,0.006454839650348903
60.0,0.006117103329620488,0.0016041555760412385,0.006117053571338567,0.0061650183676780065,0.0,0.006116698470113131,0.006164665589059678,0.0,0.00611608411140279,0.006164055249128021
61.0,0.005841302234740368,0.001433866568005654,0.005841260852332957,0.005887170413665825,0.0,0.005840965523886625,0.0058868770168481075,0.0,0.005840454570013745,0.005886369405251988
62.0,0.0055779563936536524,0.001274916246850635,0.00557792197702738,0.005621859862051696,0.0,0.005577676359013281,0.005621615850513131,0.0,0.005577251404597677,0.005621193675766941
63.0,0.0053265015699029365,0.001126775542267252,0.005326472946390544,0.005368519718195646,0.0,0.005326268670586219,0.005368316778455491,0.0,0.0053259152400800865,0.005367965659727458
64.0,0.005086399237036871,0.0009889400198505034,0.005086375431413618,0.00512660872777881,0.0,0.00508620553846142,0.005126439946000279,0.0,0.0050859115929716,0.005126147923166601
65.0,0.004857135394592921,0.000860928688947436,0.004857115595828591,0.004895610201667549,0.0,0.004856974298004673,0.004895469827987602,0.0,0.004856729825130978,0.004895226954151899
66.0,0.004638219439617841,0.0007422828632847276,0.004638202973225938,0.00467503089467308,0.0,0.00463808545717446,0.004674914147217532,0.0,0.004637882129877317,0.004674712149819268
67.0,0.004429183091053531,0.0006325650714910795,0.004429169396101428,0.004464399935764696,0.0,0.004429071658768325,0.004464302837666132,0.0,0.004428902551673256,0.004464134836633342
68.0,0.004229579364430439,0.0005313580147297954,0.0042295679744157304,0.004263267807395055,0.0,0.00422948668663432,0.004263187051259261,0.0,0.004229346040075082,0.004263047324604656
69.0,0.004038981594466044,0.00043826356877810235,0.004038972121421312,0.00407120537170066,0.0,0.004038904514443441,0.004071138206891405,0.0,0.004038787538238932,0.004071021995768375
70.0,0.0038569825032370966,0.00035290182795364675,0.0038569746245029394,0.003887802941421445,0.0,0.003856918395656898,0.0038877470803271126,0.0,0.0038568211059146593,0.0038876504269019494
71.0,0.0036831933117684795,0.00027491018841045896,0.0036831867590005844,0.0037126693934908424,0.0,0.0036831399932231914,0.00371262293357305,0.0,0.003683059076611709,0.0037125425461886465
72.0,0.0035172428929520754,0.00020394246837733283,0.003517237442977147,0.003545431323327864,0.0,0.0035171985475607724,0.003545392682295268,0.0,0.0035171312484374834,0.0035453258233337534
73.0,0.0033587769638227854,0.0001396680629840673,0.0033587724310341705,0.0033857322379553783,0.0,0.003358740081355224,0.0033857000998509237,0.0,0.003358684107894872,0.003385644492474775
74.0,0.0032074573153163645,8.177113137641014e-05,0.0032074535453479047,0.0032332317861498393,0.0,0.0032074266397483066,0.0032332050565182136,0.0,0.0032073800858587994,0.0032331588071063283
75.0,0.0030629610777319735,2.994981386612042e-05,0.0030629579422000695,0.0030876050239142883,0.0,0.0030629355644436,0.003087582792513315,0.0,0.003062896844851758,0.0030875443261594074
76.0,0.0029249800202045405,0.0,0.0029249774123358773,0.002948541713635597,0.0,0.0029249588004014665,0.0029485232234280484,0.0,0.0029249265966455953,0.0029484912302929897
77.0,0.0027932198825687117,0.0,0.002793217713558193,0.0028157456553711264,0.0,0.002793202233682749,0.0028157302767365874,0.0,0.0027931754492000254,0.00281570366743208
78.0,0.0026673997380914347,0.0,0.002667397934084331,0.0026889340487773875,0.0,0.0026673850591665367,0.002688921258063661,0.0,0.002667362781951139,0.002688899126548299
79.0,0.0025472513856165443,0.0,0.0025472498851857213,0.002567836884259974,0.0,0.0025472391768380236,0.002567826245947724,0.0,0.0025472206483754824,0.0025678078386661995
80.0,0.002432518769734809,0.0,0.002432517521791913,0.0024521963619965562,0.0,0.0024325086154104872,0.0024521875138641906,0.0,0.002432493204839729,0.002452172204082555
81.0,0.0023229574276521425,0.0,0.0023229563897079787,0.0023417663375397985,0.0,0.0023229489820464767,0.0023417589783269526,0.0,0.0023229361646781577,0.002341746244786753
82.0,0.002218333961516025,0.0,0.0022183330982305125,0.0022363117927723577,0.0,0.002218326937082133,0.002236305671919417,0.0,0.0022183162765260617,0.0022362950810868457
83.0,0.002118425535008785,0.0,0.0021184248169895756,0.002135608331044582,0.0,0.0021184196925899002,0.002135603240159252,0.0,0.002118410825899074,0.0021355944314597123
84.0,0.0020230193930441216,0.0,0.0020230187958465407,0.0020394416953733417,0.0,0.002023014533731499,0.0020394374611332837,0.0,0.002023007159038444,0.00203943013467298
85.0,0.001931912403535627,0.0,0.0019319119068286323,0.0019476073086388537,0.0,0.0019319083618953366,0.0019476037868902739,0.0,0.0019319022281316896,0.0019475976932431343
86.0,0.0018449106201493034,0.0,0.0018449102070216153,0.0018599098347672424,0.0,0.0018449072585872688,0.0018599069056154775,0.0,0.0018449021569350661,0.001859901837330078
87.0,0.0017618288651223128,0.0,0.0017618285215107753,0.0017761627599272203,0.0,0.0017618260691976398,0.0017761603236537162,0.0,0.0017618218259816772,0.0017761561081889611
88.0,0.0016824903311564575,0.0,0.0016824900453618191,0.0016961879928200244,0.0,0.0016824880056889547,0.0016961859664864573,0.0,0.0016824844764561613,0.0016961824603368588
89.0,0.0016067262015496415,0.0,0.0016067259638448714,0.0016198154831831711,0.0,0.0016067242673747481,0.0016198137978089568,0.0,0.0016067213319853422,0.0016198108816178067
90.0,0.0015343752876828425,0.0,0.0015343750899739154,0.0015468828576716837,0.0,0.0015343736789576428,0.001546881455883658,0.0,0.0015343712374861094,0.0015468790303791937
91.0,0.0014652836830794755,0.0,0.0014652835186387218,0.001477235072314729,0.0,0.0014652823450422795,0.0014772339063943802,0.0,0.0014652803143767365,0.0014772318890094586
92.0,0.0013993044332587697,0.0,0.0013993042964859097,0.001410724080786462,0.0,0.0013993033203613377,0.0014107231110452442,0.0,0.0013993016313774956,0.0014107214331074865
93.0,0.0013362972206596494,0.0,0.0013362971069005051,0.001347208517769723,0.0,0.0013362962950177054,0.0013472077111974026,0.0,0.0013362948902221176,0.001347206315589344
94.0,0.001276128063928762,0.0,0.0012761279693104064,0.0012865533967104876,0.0,0.001276127294034951,0.0012865527258512591,0.0,0.0012761261256083979,0.001286551565066919
95.0,0.0012186690309233237,0.0,0.001218668952226009,0.0012286298213126552,0.0,0.0012186683905713782,0.0012286292633311695,0.0,0.0012186674187413418,0.0012286282978584346
96.0,0.0011637979647889265,0.0,0.0011637978993328444,0.0011733147101392301,0.0,0.001163797432180136,0.0011733142460424158,0.0,0.0011637966238695636,0.0011733134430177519
97.0,0.00111139822250636,0.0,0.001111398168064375,0.0011204905337178625,0.0,0.0011113977795133682,0.0011204901477084007,0.0,0.0011113971072054985,0.0011204894797983526
98.0,0.0010613584253424306,0.0,0.0010613583800594523,0.0010700450635831524,0.0,0.0010613580568858767,0.0010700447425222824,0.0,0.0010613574976979542,0.001070044186992055
99.0,0.0010135722206494342,0.0,0.001013572182986166,0.0010218711327052191,0.0,0.0010135719141875254,0.0010218708656646045,0.0,0.001013571449086897,0.0010218704036054937
100.0,0.000967938054499232,0.0,0.0009679380231727226,0.0009758664067877514,0.0,0.00096793779960139,0.0009758661846781156,0.0,0.0009679374127555767,0.0009758658003628163
101.0,0.0009243589546518681,0.0,0.0009243589285969368,0.0009319331659370104,0.0,0.0009243587426413107,0.0009319329811982932,0.0,0.0009243584208842933,0.0009319326615455975
102.0,0.0008827423233800552,0.0,0.0008827423017086285,0.0008899780962273675,0.0,0.0008827421470410325,0.0008899779425716417,0.0,0.0008827418794207989,0.0008899776767017626
103.0,0.000842999739704144,0.0,0.0008429997216789203,0.0008499120907149534,0.0,0.0008429995930347557,0.0008499119629122342,0.0,0.0008429993704429516,0.0008499117417758451
104.0,0.0008050467706075687,0.0,0.0008050467556144429,0.0008116500594665435,0.0,0.0008050466486163238,0.0008116499531671418,0.0,0.0008050464634751717,0.0008116497692375846
105.0,0.0007688027908132481,0.0,0.0007688027783434213,0.0007751107481924012,0.0,0.0007688026893467991,0.0007751106597779413,0.0,0.0007688025353559798,0.0007751105067950627
106.0,0.0007341908107434902,0.0,0.0007341908003717206,0.0007402165650911419,0.0,0.0007341907263494693,0.0007402164915525658,0.0,0.000734190598268038,0.0007402163643094297
107.0,0.0007011373122730584,0.0,0.0007011373036464201,0.0007068934155353911,0.0,0.0007011372420781223,0.0007068933543700784,0.0,0.0007011371355461056,0.0007068932485355706
108.0,0.0006695720919309424,0.0,0.0006695720847553388,0.0006750705442380636,0.0,0.0006695720335461584,0.0006750704933638212,0.0,0.0006695719449398834,0.0006750704053360482
109.0,0.0006394281112126334,0.0,0.000639428105244469,0.0006446803845589655,0.0,0.0006394280626515976,0.0006446803422444261,0.0,0.0006394279889524997,0.0006446802690275967
110.0,0.0006106413536660001,0.0,0.0006106413487018094,0.0006156584146325067,0.0,0.0006106413132753257,0.0006156583794374177,0.0,0.000610641251976821,0.0006156583185392503
111.0,0.0005831506884532011,0.0,0.000583150684324582,0.0005879430199961913,0.0,0.0005831506548584937,0.0005879429907228224,0.0,0.0005831506038726464,0.0005879429400708012
112.0,0.0005568977400940699,0.0,0.0005568977366599235,0.0005614753624376835,0.0,0.0005568977121508022,0.0005614753380896299,0.0,0.0005568976697438894,0.0005614752959597321
113.0,0.0005318267640997027,0.0,0.0005318267612431667,0.0005361992547650245,0.0,0.0005318267408578346,0.0005361992345132997,0.0,0.0005318267055866589,0.0005361991994720705
114.0,0.0005078845282411722,0.0,0.0005078845258651994,0.0005120610412412143,0.0,0.0005078845089103378,0.0005120610243967749,0.0,0.000507884479572656,0.0005120609952511564
115.0,0.0004850201991778354,0.0,0.00048502019720140865,0.0004890094834197579,0.0,0.00048502018309935676,0.0004890094694094079,0.0,0.0004850201586982225,0.0004890094451676994
116.0,0.0004631852342311466,0.0,0.0004631852325878602,0.00046699565114049547,0.0,0.0004631852208580085,0.00046699563948750375,0.0,0.00046318520056131974,0.0004669956193245382
117.0,0.00044233327803584743,0.0,0.00044233327666912234,0.0004459728184482628,0.0,0.00044233326691220837,0.0004459728087558422,0.0,0.00044233325003108985,0.00044597279198520343
118.0,0.00042242006388038515,0.0,0.0004224200627435913,0.0004258963642125448,0.0,0.0004224200546285969,0.0004258963561508072,0.0,0.000422420040588014,0.0004258963422019595
119.0,0.000403403319495869,0.0,0.0004034033185502484,0.00040672367723664166,0.0,0.00040340331180026853,0.0004067236705313377,0.0,0.0004034033001222828,0.0004067236589293086
120.0,0.00038524267709716154,0.0,0.00038524267631065624,0.0003884140656508134,0.0,0.0003852426706969658,0.00038841406007371457,0.0,0.00038524266098343606,0.00038841405042374624
121.0,0.0003678995875127733,0.0,0.0003678995868585712,0.0003709286703952496,0.0,0.0003678995821893662,0.0003709286657566832,0.0,0.00036789957410952645,0.0003709286577300991
122.0,0.00035133723816907345,0.0,0.00035133723762502893,0.00035423038261029325,0.0,0.00035133723374089845,0.00035423037875182377,0.0,0.0003513372270214336,0.0003542303720760992
123.0,0.00033552047479431233,0.0,0.00033552047434177036,0.0003382837647533981,0.0,0.00033552047111099056,0.0003382837615441447,0.0,0.00033552046552192414,0.000338283755991649
124.0,0.00032041572665281957,0.0,0.0003204157262763375,0.00032305497527796085,0.0,0.0003204157235890421,0.0003230549726087411,0.0,0.00032041571894099045,0.0003230549679903835
125.0,0.0003059909351562226,0.0,0.0003059909348432661,0.0003085116967098316,0.0,0.0003059909326088669,0.00030851169448971994,0.0,0.00030599092874175263,0.0003085116906482581
126.0,0.0002922154857010547,0.0,0.00029221548544055247,0.00029462306696798393,0.0,0.0002922154835820697,0.0002946230651213993,0.0,0.0002922154803656709,0.00029462306192650064
127.0,0.00027906014258123266,0.0,0.0002790601423647334,0.0002813596137871443,0.0,0.0002790601408189308,0.0002813596122512454,0.0,0.00027906013814337714,0.000281359609593761
128.0,0.00026649698683308396,0.0,0.0002664969866530105,0.0002686931920935432,0.0,0.00026649698536713757,0.0002686931908159107,0.0,0.0002664969831415142,0.00026869318860548043
129.0,0.0002544993568998198,0.0,0.0002544993567500527,0.00025659692420998214,0.0,0.00025449935568069024,0.0002565969231474788,0.0,0.00025449935383014204,0.0002565969213088121
130.0,0.00024304179195911403,0.0,0.00024304179183440433,0.0002450451427546908,0.0,0.00024304179094512834,0.0002450451418711282,0.0,0.00024304178940608574,0.00024504514034198033
131.0,0.00023209997781370526,0.0,0.00023209997770997617,0.00023401333611701777,0.0,0.00023209997697018784,0.00023401333538199739,0.0,0.00023209997569019578,0.00023401333411022385
132.0,0.00022165069522596737,0.0,0.00022165069513972215,0.00022347809639011973,0.0,0.00022165069452435653,0.0002234780957787268,0.0,0.0002216506934597029,0.00022347809472091779
133.0,0.00021167177058020332,0.0,0.00021167177050852764,0.00021341706965272847,0.0,0.00021167176999660638,0.00021341706914410297,0.0,0.00021167176911115578,0.0002134170682643434
134.0,0.00020214202876744724,0.0,0.00020214202870771848,0.00020380890849151605,0.0,0.00020214202828204515,0.00020380890806857664,0.0,0.00020214202754549422,0.00020380890733677506
135.0,0.00019304124819964521,0.0,0.00019304124815011496,0.00019463322666525218,0.0,0.00019304124779583094,0.0001946332263132514,0.0,0.00019304124718341013,0.00019463322570478396
136.0,0.0001843501178559815,0.0,0.00018435011781460988,0.00018587055580968252,0.0,0.0001843501175203504,0.0001858705555173134,0.0,0.00018435011701049267,0.00018587055501075682
137.0,0.0001760501962571034,0.0,0.0001760501962227249,0.00017750230409818986,0.0,0.0001760501959777081,0.00017750230385475758,0.0,0.00017605019555409784,0.0001775023034338842
138.0,0.000168123872292999,0.0,0.00016812387226444793,0.00016951071676135927,0.0,0.00016812387206080614,0.00016951071655903124,0.0,0.0001681238717082877,0.00016951071620878696
139.0,0.0001605543278212567,0.0,0.0001605543277973675,0.0001618788383887077,0.0,0.00016055432762810402,0.0001618788382205355,0.0,0.00016055432733473642,0.00016187883792906892
140.0,0.00015332550194794808,0.0,0.000153325501928138,0.00015459047692912068,0.0,0.00015332550178713672,0.00015459047678902584,0.0,0.00015332550154330098,0.0001545904765467669
141.0,0.00014642205691579074,0.0,0.00014642205689947694,0.00014763016931186975,0.0,0.00014642205678207576,0.00014763016919522052,0.0,0.00014642205657932147,0.00014763016899379064
142.0,0.0001398293455344325,0.0,0.00013982934552074085,0.0001409831486180655,0.0,0.00013982934542315173,0.000140983148521115,0.0,0.00013982934525448587,0.00014098314835353406
143.0,0.00013353338008327654,0.0,0.00013353338007191564,0.00013463531273233336,0.0,0.00013353337999093333,0.00013463531265188098,0.0,0.00013353337985052505,0.00013463531251237527
144.0,0.000127520802596767,0.0,0.0001275208025874455,0.00012857319440439153,0.0,0.0001275208025198649,0.0001285731943372532,0.0,0.0001275208024030554,0.00012857319422119183
145.0,0.00012177885651932058,0.0,0.00012177885651145582,0.00012278393266102706,0.0,0.00012177885645523732,0.00012278393260517655,0.0,0.00012177885635823859,0.00012278393250879632
146.0,0.00011629535960280173,0.0,0.00011629535959639358,0.0001172552455070588,0.0,0.00011629535954949773,0.00011725524546046986,0.0,0.00011629535946881348,0.00011725524538031364
147.0,0.00011105867805629741,0.0,0.00011105867805076326,0.00011197540385288859,0.0,0.00011105867801202432,0.00011197540381440325,0.0,0.00011105867794503234,0.00011197540374784963
148.0,0.00010605770184200833,0.0,0.0001060577018373481,0.00010693320662089666,0.0,0.00010605770180530948,0.00010693320658906773,0.0,0.00010605770174938743,0.00010693320653351172
149.0,0.00010128182108855207,0.0,0.00010128182108476583,0.00010211795696916557,0.0,0.00010128182105797077,0.00010211795694254589,0.0,0.00010128182101137066,0.0001021179568962508
150.0,9.672090357132938e-05,0.0,9.672090356812574e-05,9.751943958826198e-05,0.0,9.672090354599148e-05,9.751943956627262e-05,0.0,9.672090350725654e-05,9.751943952779122e-05
151.0,9.236527319955856e-05,0.0,9.236527319693747e-05,9.312789902115611e-05,0.0,9.23652731782988e-05,9.312789900263944e-05,0.0,9.236527314626357e-05,9.312789897081392e-05
152.0,8.820568948376525e-05,0.0,8.820568948172672e-05,8.8934018958e-05,0.0,8.820568946629219e-05,8.893401894266651e-05,0.0,8.820568943950009e-05,8.89340189160498e-05
153.0,8.423332791406867e-05,0.0,8.423332791232142e-05,8.492890246418363e-05,0.0,8.423332789950836e-05,8.492890245145442e-05,0.0,8.423332787708546e-05,8.492890242917834e-05
154.0,8.043976123880163e-05,0.0,8.043976123734565e-05,8.110405309992017e-05,0.0,8.04397612265715e-05,8.110405308921658e-05,0.0,8.04397612082263e-05,8.110405307099144e-05
155.0,7.681694156381915e-05,0.0,7.681694156265444e-05,7.745135688834163e-05,0.0,7.68169415536278e-05,7.745135687937412e-05,0.0,7.681694153819523e-05,7.745135686404256e-05
156.0,7.335718328806238e-05,0.0,7.335718328689771e-05,7.396306509653599e-05,0.0,7.335718327961849e-05,7.396306508930445e-05,0.0,7.335718326680715e-05,7.396306507657699e-05
157.0,7.005314678074687e-05,0.0,7.005314677987344e-05,7.063177779311799e-05,0.0,7.005314677375922e-05,7.063177778704382e-05,0.0,7.005314676298657e-05,7.063177777634169e-05
158.0,6.689782280685765e-05,0.0,6.68978228062754e-05,6.745042814363266e-05,0.0,6.689782280103491e-05,6.74504281384265e-05,0.0,6.689782279230077e-05,6.745042812974952e-05
159.0,6.388451765347194e-05,0.0,6.38845176528897e-05,6.441226741541238e-05,0.0,6.388451764852287e-05,6.441226741107415e-05,0.0,6.388451764124481e-05,6.441226740384373e-05
160.0,6.1006838923880436e-05,0.0,6.100683892329825e-05,6.151085065763248e-05,0.0,6.1006838919804954e-05,6.151085065416207e-05,0.0,6.100683891369175e-05,6.15108506480889e-05
161.0,5.825868196856247e-05,0.0,5.8258681968271395e-05,5.8740023024915894e-05,0.0,5.8258681965069414e-05,5.8740023021734865e-05,0.0,5.8258681960120905e-05,5.8740023016818774e-05
162.0,5.5634216936704294e-05,0.0,5.56342169364132e-05,5.60939067166859e-05,0.0,5.563421693379359e-05,5.609390671408342e-05,0.0,5.5634216929718576e-05,5.6093906710035104e-05
163.0,5.312787639741652e-05,0.0,5.3127876397125466e-05,5.3566888506814294e-05,0.0,5.312787639508809e-05,5.356688850479027e-05,0.0,5.312787639159548e-05,5.356688850132051e-05
164.0,5.073434353251862e-05,0.0,5.0734343532227614e-05,5.115360783238077e-05,0.0,5.073434353048142e-05,5.115360783064602e-05,0.0,5.07343435275711e-05,5.115360782775475e-05
165.0,4.844854084934962e-05,0.0,4.844854084905863e-05,4.8848945419770944e-05,0.0,4.8448540847603554e-05,4.8848945418325424e-05,0.0,4.8448540845275454e-05,4.884894541601257e-05
166.0,4.626561940954976e-05,0.0,4.626561940925875e-05,4.664801242291319e-05,0.0,4.62656194080948e-05,4.664801242175686e-05,0.0,4.626561940605786e-05,4.6648012419733276e-05
167.0,4.418094853747056e-05,0.0,4.418094853747056e-05,4.454614005052924e-05,0.0,4.4180948536306677e-05,4.454614004937299e-05,0.0,4.418094853456088e-05,4.454614004763863e-05
168.0,4.21901059968841e-05,0.0,4.21901059968841e-05,4.253886965938306e-05,0.0,4.219010599601127e-05,4.253886965851595e-05,0.0,4.219010599455655e-05,4.253886965707076e-05
169.0,4.02888686050572e-05,0.0,4.02888686050572e-05,4.062194329598926e-05,0.0,4.0288868604184446e-05,4.062194329512222e-05,0.0,4.028886860302078e-05,4.062194329396618e-05
170.0,3.847320327549476e-05,0.0,3.847320327549476e-05,3.879129466158956e-05,0.0,3.847320327491297e-05,3.879129466101158e-05,0.0,3.8473203273749405e-05,3.8791294659855626e-05
171.0,3.673925845725345e-05,0.0,3.673925845725345e-05,3.704304048525706e-05,0.0,3.6739258456671716e-05,3.704304048467914e-05,0.0,3.673925845579913e-05,3.704304048381226e-05
172.0,3.5083355965414354e-05,0.0,3.5083355965414354e-05,3.537347228507151e-05,0.0,3.508335596483267e-05,3.537347228449365e-05,0.0,3.508335596425101e-05,3.537347228391578e-05
173.0,3.350198317453762e-05,0.0,3.350198317453762e-05,3.3779048500210734e-05,0.0,3.3501983174246806e-05,3.3779048499921835e-05,0.0,3.35019831736652e-05,3.377904849934402e-05
174.0,3.199178556657602e-05,0.0,3.199178556657602e-05,3.22563869773381e-05,0.0,3.199178556628524e-05,3.225638697704922e-05,0.0,3.199178556570368e-05,3.225638697647148e-05
175.0,3.054955961581348e-05,0.0,3.054955961581348e-05,3.080225779507366e-05,0.0,3.054955961552274e-05,3.080225779478482e-05,0.0,3.0549559615232004e-05,3.080225779449598e-05
176.0,2.9172245991787288e-05,0.0,2.9172245991787288e-05,2.9413576411757312e-05,0.0,2.9172245991496573e-05,2.9413576411468507e-05,0.0,2.9172245991205868e-05,2.94135764111797e-05
177.0,2.785692306684988e-05,0.0,2.785692306684988e-05,2.8087397121399757e-05,0.0,2.7856923066559196e-05,2.8087397121110983e-05,0.0,2.7856923066268528e-05,2.808739712082222e-05
178.0,2.6600800713120167e-05,0.0,2.6600800713120167e-05,2.6820906804439207e-05,0.0,2.6600800712829533e-05,2.6820906804150477e-05,0.0,2.6600800712829533e-05,2.6820906804150477e-05
179.0,2.5401214395353396e-05,0.0,2.5401214395353396e-05,2.5611418959796627e-05,0.0,2.5401214395353396e-05,2.5611418959796627e-05,0.0,2.540121439506279e-05,2.561141895950793e-05
180.0,2.425561950542612e-05,0.0,2.425561950542612e-05,2.4456368005479793e-05,0.0,2.425561950542612e-05,2.4456368005479793e-05,0.0,2.4255619505135563e-05,2.4456368005191144e-05
181.0,2.3161585972293315e-05,0.0,2.3161585972293315e-05,2.3353303835835297e-05,0.0,2.3161585972293315e-05,2.3353303835835297e-05,0.0,2.3161585972002807e-05,2.335330383554669e-05
182.0,2.2116793099542206e-05,0.0,2.2116793099542206e-05,2.229988662387656e-05,0.0,2.2116793099542206e-05,2.229988662387656e-05,0.0,2.2116793099251735e-05,2.2299886623587995e-05
183.0,2.1119024652360494e-05,0.0,2.1119024652360494e-05,2.1293881857418832e-05,0.0,2.1119024652360494e-05,2.1293881857418832e-05,0.0,2.111902465207007e-05,2.1293881857130313e-05
184.0,2.0166164140420846e-05,0.0,2.0166164140420846e-05,2.033315559877818e-05,0.0,2.0166164140420846e-05,2.033315559877818e-05,0.0,2.0166164140420846e-05,2.033315559877818e-05
185.0,1.9256190344659766e-05,0.0,1.9256190344659766e-05,1.941566995791589e-05,0.0,1.9256190344659766e-05,1.941566995791589e-05,0.0,1.9256190344659766e-05,1.941566995791589e-05
186.0,1.8387173016578317e-05,0.0,1.8387173016578317e-05,1.8539478769222807e-05,0.0,1.8387173016578317e-05,1.8539478769222807e-05,0.0,1.8387173016578317e-05,1.8539478769222807e-05
187.0,1.755726878842317e-05,0.0,1.755726878842317e-05,1.7702723462925842e-05,0.0,1.755726878842317e-05,1.7702723462925842e-05,0.0,1.755726878842317e-05,1.7702723462925842e-05
188.0,1.6764717261346248e-05,0.0,1.6764717261346248e-05,1.690362912249385e-05,0.0,1.6764717261346248e-05,1.690362912249385e-05,0.0,1.6764717261346248e-05,1.690362912249385e-05
189.0,1.6007837276223364e-05,0.0,1.6007837276223364e-05,1.6140500719301655e-05,0.0,1.6007837276223364e-05,1.6140500719301655e-05,0.0,1.6007837276223364e-05,1.6140500719301655e-05
190.0,1.5285023338919417e-05,0.0,1.5285023338919417e-05,1.5411719516960544e-05,0.0,1.5285023338919417e-05,1.5411719516960544e-05,0.0,1.5285023338919417e-05,1.5411719516960544e-05
191.0,1.4594742218160946e-05,0.0,1.4594742218160946e-05,1.4715739637431558e-05,0.0,1.4594742218160946e-05,1.4715739637431558e-05,0.0,1.4594742218160946e-05,1.4715739637431558e-05
192.0,1.3935529694509586e-05,0.0,1.3935529694509586e-05,1.4051084781590414e-05,0.0,1.3935529694509586e-05,1.4051084781590414e-05,0.0,1.3935529694509586e-05,1.4051084781590414e-05
193.0,1.330598745149697e-05,0.0,1.330598745149697e-05,1.3416345097708632e-05,0.0,1.330598745149697e-05,1.3416345097708632e-05,0.0,1.330598745149697e-05,1.3416345097708632e-05
194.0,1.2704780113889154e-05,0.0,1.2704780113889154e-05,1.2810174190597e-05,0.0,1.2704780113889154e-05,1.2810174190597e-05,0.0,1.2704780113889154e-05,1.2810174190597e-05
195.0,1.21306324040051e-05,0.0,1.21306324040051e-05,1.2231286265524808e-05,0.0,1.21306324040051e-05,1.2231286265524808e-05,0.0,1.21306324040051e-05,1.2231286265524808e-05
196.0,1.158232645106034e-05,0.0,1.158232645106034e-05,1.167845340063947e-05,0.0,1.158232645106034e-05,1.167845340063947e-05,0.0,1.158232645106034e-05,1.167845340063947e-05
197.0,1.1058699196959997e-05,0.0,1.1058699196959997e-05,1.1150502942217038e-05,0.0,1.1058699196959997e-05,1.1150502942217038e-05,0.0,1.1058699196959997e-05,1.1150502942217038e-05
198.0,1.0558639936113846e-05,0.0,1.0558639936113846e-05,1.0646315017144089e-05,0.0,1.0558639936113846e-05,1.0646315017144089e-05,0.0,1.0558639936113846e-05,1.0646315017144089e-05
199.0,1.0081087952005068e-05,0.0,1.0081087952005068e-05,1.0164820157314016e-05,0.0,1.0081087952005068e-05,1.0164820157314016e-05,0.0,1.0081087952005068e-05,1.0164820157314016e-05
200.0,9.625030269110659e-06,0.0,9.625030269110659e-06,9.704997030952777e-06,0.0,9.625030269110659e-06,9.704997030952777e-06,0.0,9.625030269110659e-06,9.704997030952777e-06
201.0,9.189499512020544e-06,0.0,9.189499512020544e-06,9.265870276203512e-06,0.0,9.189499512020544e-06,9.265870276203512e-06,0.0,9.189499512020544e-06,9.265870276203512e-06
202.0,8.773571842876132e-06,0.0,8.773571842876132e-06,8.846508432094315e-06,0.0,8.773571842876132e-06,8.846508432094315e-06,0.0,8.773571842876132e-06,8.846508432094315e-06
203.0,8.376365005288031e-06,0.0,8.376365005288031e-06,8.446021962560241e-06,0.0,8.376365005288031e-06,8.446021962560241e-06,0.0,8.376365005288031e-06,8.446021962560241e-06
204.0,7.997036458524337e-06,0.0,7.997036458524337e-06,8.063561369630941e-06,0.0,7.997036458524337e-06,8.063561369630941e-06,0.0,7.997036458524337e-06,8.063561369630941e-06
205.0,7.634781578674253e-06,0.0,7.634781578674253e-06,7.69831539139554e-06,0.0,7.634781578674253e-06,7.69831539139554e-06,0.0,7.634781578674253e-06,7.69831539139554e-06
206.0,7.288831961051729e-06,0.0,7.288831961051729e-06,7.3495092810281806e-06,0.0,7.288831961051729e-06,7.3495092810281806e-06,0.0,7.288831961051729e-06,7.3495092810281806e-06
207.0,6.95845378676163e-06,0.0,6.95845378676163e-06,7.016403163527319e-06,0.0,6.95845378676163e-06,7.016403163527319e-06,0.0,6.95845378676163e-06,7.016403163527319e-06
208.0,6.6429462707623854e-06,0.0,6.6429462707623854e-06,6.6982904660590905e-06,0.0,6.6429462707623854e-06,6.6982904660590905e-06,0.0,6.6429462707623854e-06,6.6982904660590905e-06
209.0,6.34164016384884e-06,0.0,6.34164016384884e-06,6.394496419256593e-06,0.0,6.34164016384884e-06,6.394496419256593e-06,0.0,6.34164016384884e-06,6.394496419256593e-06
210.0,6.053896347787706e-06,0.0,6.053896347787706e-06,6.104376625882203e-06,0.0,6.053896347787706e-06,6.104376625882203e-06,0.0,6.053896347787706e-06,6.104376625882203e-06
211.0,5.7791044649747075e-06,0.0,5.7791044649747075e-06,5.8273156937917515e-06,0.0,5.7791044649747075e-06,5.8273156937917515e-06,0.0,5.7791044649747075e-06,5.8273156937917515e-06
212.0,5.516681636291829e-06,0.0,5.516681636291829e-06,5.562725930619328e-06,0.0,5.516681636291829e-06,5.562725930619328e-06,0.0,5.516681636291829e-06,5.562725930619328e-06
213.0,5.266071220545035e-06,0.0,5.266071220545035e-06,5.310046097126991e-06,0.0,5.266071220545035e-06,5.310046097126991e-06,0.0,5.266071220545035e-06,5.310046097126991e-06
214.0,5.026741624585955e-06,0.0,5.026741624585955e-06,5.068740216631927e-06,0.0,5.026741624585955e-06,5.068740216631927e-06,0.0,5.026741624585955e-06,5.068740216631927e-06
215.0,4.798185189373552e-06,0.0,4.798185189373552e-06,4.838296438081235e-06,0.0,4.798185189373552e-06,4.838296438081235e-06,0.0,4.798185189373552e-06,4.838296438081235e-06
216.0,4.579917108999974e-06,0.0,4.579917108999974e-06,4.61822595027112e-06,0.0,4.579917108999974e-06,4.61822595027112e-06,0.0,4.579917108999974e-06,4.61822595027112e-06
217.0,4.3714743940175425e-06,0.0,4.3714743940175425e-06,4.408061944982323e-06,0.0,4.3714743940175425e-06,4.408061944982323e-06,0.0,4.3714743940175425e-06,4.408061944982323e-06
218.0,4.1724149020536885e-06,0.0,4.1724149020536885e-06,4.207358626706968e-06,0.0,4.1724149020536885e-06,4.207358626706968e-06,0.0,4.1724149020536885e-06,4.207358626706968e-06
219.0,3.9823163895382674e-06,0.0,3.9823163895382674e-06,4.0156902669845864e-06,0.0,3.9823163895382674e-06,4.0156902669845864e-06,0.0,3.9823163895382674e-06,4.0156902669845864e-06
220.0,3.8007756195047345e-06,0.0,3.8007756195047345e-06,3.83265030132282e-06,0.0,3.8007756195047345e-06,3.83265030132282e-06,0.0,3.8007756195047345e-06,3.83265030132282e-06
221.0,3.627407509129635e-06,0.0,3.627407509129635e-06,3.657850466765861e-06,0.0,3.627407509129635e-06,3.657850466765861e-06,0.0,3.627407509129635e-06,3.657850466765861e-06
222.0,3.4618443133648804e-06,0.0,3.4618443133648804e-06,3.4909199781558788e-06,0.0,3.4618443133648804e-06,3.4909199781558788e-06,0.0,3.4618443133648804e-06,3.4909199781558788e-06
223.0,3.303734833566453e-06,0.0,3.303734833566453e-06,3.331504741791853e-06,0.0,3.303734833566453e-06,3.331504741791853e-06,0.0,3.303734833566453e-06,3.331504741791853e-06
224.0,3.152743686980927e-06,0.0,3.152743686980927e-06,3.1792666040029585e-06,0.0,3.152743686980927e-06,3.1792666040029585e-06,0.0,3.152743686980927e-06,3.1792666040029585e-06
225.0,3.0085505862092777e-06,0.0,3.0085505862092777e-06,3.0338826340108863e-06,0.0,3.0085505862092777e-06,3.0338826340108863e-06,0.0,3.0085505862092777e-06,3.0338826340108863e-06
226.0,2.870849665953664e-06,0.0,2.870849665953664e-06,2.8950444387171644e-06,0.0,2.870849665953664e-06,2.8950444387171644e-06,0.0,2.870849665953664e-06,2.8950444387171644e-06
227.0,2.739348827156476e-06,0.0,2.739348827156476e-06,2.7624575085596743e-06,0.0,2.739348827156476e-06,2.7624575085596743e-06,0.0,2.739348827156476e-06,2.7624575085596743e-06
228.0,2.6137691241861885e-06,0.0,2.6137691241861885e-06,2.635840592678769e-06,0.0,2.6137691241861885e-06,2.635840592678769e-06,0.0,2.6137691241861885e-06,2.635840592678769e-06
229.0,2.493844164565303e-06,0.0,2.493844164565303e-06,2.5149251022812777e-06,0.0,2.493844164565303e-06,2.5149251022812777e-06,0.0,2.493844164565303e-06,2.5149251022812777e-06
230.0,2.379319554860941e-06,0.0,2.379319554860941e-06,2.3994545407627743e-06,0.0,2.379319554860941e-06,2.3994545407627743e-06,0.0,2.379319554860941e-06,2.3994545407627743e-06
231.0,2.2699523534566966e-06,0.0,2.2699523534566966e-06,2.289183959616358e-06,0.0,2.2699523534566966e-06,2.289183959616358e-06,0.0,2.2699523534566966e-06,2.289183959616358e-06
232.0,2.1655105550766418e-06,0.0,2.1655105550766418e-06,2.18387943867909e-06,0.0,2.1655105550766418e-06,2.18387943867909e-06,0.0,2.1655105550766418e-06,2.18387943867909e-06
233.0,2.0657726012072247e-06,0.0,2.0657726012072247e-06,2.083317589821529e-06,0.0,2.0657726012072247e-06,2.083317589821529e-06,0.0,2.0657726012072247e-06,2.083317589821529e-06
234.0,1.9705269094304305e-06,0.0,1.9705269094304305e-06,1.9872850830300652e-06,0.0,1.9705269094304305e-06,1.9872850830300652e-06,0.0,1.9705269094304305e-06,1.9872850830300652e-06
235.0,1.8795714249100565e-06,0.0,1.8795714249100565e-06,1.8955781937802888e-06,0.0,1.8795714249100565e-06,1.8955781937802888e-06,0.0,1.8795714249100565e-06,1.8955781937802888e-06
236.0,1.7927131872241356e-06,0.0,1.7927131872241356e-06,1.8080023707222913e-06,0.0,1.7927131872241356e-06,1.8080023707222913e-06,0.0,1.7927131872241356e-06,1.8080023707222913e-06
237.0,1.7097679315987409e-06,0.0,1.7097679315987409e-06,1.7243718228582917e-06,0.0,1.7097679315987409e-06,1.7243718228582917e-06,0.0,1.7097679315987409e-06,1.7243718228582917e-06
238.0,1.6305596820778967e-06,0.0,1.6305596820778967e-06,1.6445091253085174e-06,0.0,1.6305596820778967e-06,1.6445091253085174e-06,0.0,1.6305596820778967e-06,1.6445091253085174e-06
239.0,1.5549203951316671e-06,0.0,1.5549203951316671e-06,1.5682448428333727e-06,0.0,1.5549203951316671e-06,1.5682448428333727e-06,0.0,1.5549203951316671e-06,1.5682448428333727e-06
240.0,1.4826895912142742e-06,0.0,1.4826895912142742e-06,1.4954171701775253e-06,0.0,1.4826895912142742e-06,1.4954171701775253e-06,0.0,1.4826895912142742e-06,1.4954171701775253e-06
241.0,1.4137140150420823e-06,0.0,1.4137140150420823e-06,1.4258715888034574e-06,0.0,1.4137140150420823e-06,1.4258715888034574e-06,0.0,1.4137140150420823e-06,1.4258715888034574e-06
242.0,1.3478473168633791e-06,0.0,1.3478473168633791e-06,1.3594605387955247e-06,0.0,1.3478473168633791e-06,1.3594605387955247e-06,0.0,1.3478473168633791e-06,1.3594605387955247e-06
243.0,1.2849497369937735e-06,0.0,1.2849497369937735e-06,1.2960431057447543e-06,0.0,1.2849497369937735e-06,1.2960431057447543e-06,0.0,1.2849497369937735e-06,1.2960431057447543e-06
244.0,1.2248878100919352e-06,0.0,1.2248878100919352e-06,1.2354847217080897e-06,0.0,1.2248878100919352e-06,1.2354847217080897e-06,0.0,1.2248878100919352e-06,1.2354847217080897e-06
245.0,1.1675340825008298e-06,0.0,1.1675340825008298e-06,1.1776568793553787e-06,0.0,1.1675340825008298e-06,1.1776568793553787e-06,0.0,1.1675340825008298e-06,1.1776568793553787e-06
246.0,1.1127668390914614e-06,0.0,1.1127668390914614e-06,1.1224368593555466e-06,0.0,1.1127668390914614e-06,1.1224368593555466e-06,0.0,1.1127668390914614e-06,1.1224368593555466e-06
247.0,1.0604698497449789e-06,0.0,1.0604698497449789e-06,1.0697074697190926e-06,0.0,1.0604698497449789e-06,1.0697074697190926e-06,0.0,1.0604698497449789e-06,1.0697074697190926e-06
248.0,1.0105321162714274e-06,0.0,1.0105321162714274e-06,1.0193567970151058e-06,0.0,1.0105321162714274e-06,1.0193567970151058e-06,0.0,1.0105321162714274e-06,1.0193567970151058e-06
249.0,9.628476432861411e-07,0.0,9.628476432861411e-07,9.712779687276356e-07,0.0,9.628476432861411e-07,9.712779687276356e-07,0.0,9.628476432861411e-07,9.712779687276356e-07
250.0,9.173152095651816e-07,0.0,9.173152095651816e-07,9.253689262811114e-07,0.0,9.173152095651816e-07,9.253689262811114e-07,0.0,9.173152095651816e-07,9.253689262811114e-07
251.0,8.738381510103567e-07,0.0,8.738381510103567e-07,8.81532208292909e-07,0.0,8.738381510103567e-07,8.81532208292909e-07,0.0,8.738381510103567e-07,8.81532208292909e-07
252.0,8.323241605056065e-07,0.0,8.323241605056065e-07,8.396747435996806e-07,0.0,8.323241605056065e-07,8.396747435996806e-07,0.0,8.323241605056065e-07,8.396747435996806e-07
253.0,7.926850877740394e-07,0.0,7.926850877740394e-07,7.997076534665314e-07,0.0,7.926850877740394e-07,7.997076534665314e-07,0.0,7.926850877740394e-07,7.997076534665314e-07
254.0,7.548367521312488e-07,0.0,7.548367521312488e-07,7.615460629121485e-07,0.0,7.548367521312488e-07,7.615460629121485e-07,0.0,7.548367521312488e-07,7.615460629121485e-07
255.0,7.186987686029775e-07,0.0,7.186987686029775e-07,7.251089202118815e-07,0.0,7.186987686029775e-07,7.251089202118815e-07,0.0,7.186987686029775e-07,7.251089202118815e-07
256.0,6.841943686521326e-07,0.0,6.841943686521326e-07,6.903188247617417e-07,0.0,6.841943686521326e-07,6.903188247617417e-07,0.0,6.841943686521326e-07,6.903188247617417e-07
257.0,6.512502465351084e-07,0.0,6.512502465351084e-07,6.571018626060998e-07,0.0,6.512502465351084e-07,6.571018626060998e-07,0.0,6.512502465351084e-07,6.571018626060998e-07
258.0,6.197963961831747e-07,0.0,6.197963961831747e-07,6.253874492597154e-07,0.0,6.197963961831747e-07,6.253874492597154e-07,0.0,6.197963961831747e-07,6.253874492597154e-07
259.0,5.897659624945666e-07,0.0,5.897659624945666e-07,5.951081797653805e-07,0.0,5.897659624945666e-07,5.951081797653805e-07,0.0,5.897659624945666e-07,5.951081797653805e-07
260.0,5.610951095912911e-07,0.0,5.610951095912911e-07,5.661996852611022e-07,0.0,5.610951095912911e-07,5.661996852611022e-07,0.0,5.610951095912911e-07,5.661996852611022e-07
261.0,5.337228683386717e-07,0.0,5.337228683386717e-07,5.386004963239912e-07,0.0,5.337228683386717e-07,5.386004963239912e-07,0.0,5.337228683386717e-07,5.386004963239912e-07
262.0,5.075910204017744e-07,0.0,5.075910204017744e-07,5.122519120417308e-07,0.0,5.075910204017744e-07,5.122519120417308e-07,0.0,5.075910204017744e-07,5.122519120417308e-07
263.0,4.826439688061929e-07,0.0,4.826439688061929e-07,4.870978753233332e-07,0.0,4.826439688061929e-07,4.870978753233332e-07,0.0,4.826439688061929e-07,4.870978753233332e-07
264.0,4.5882861867631923e-07,0.0,4.5882861867631923e-07,4.6308485358636906e-07,0.0,4.5882861867631923e-07,4.6308485358636906e-07,0.0,4.5882861867631923e-07,4.6308485358636906e-07
265.0,4.3609426923953765e-07,0.0,4.3609426923953765e-07,4.401617249331615e-07,0.0,4.3609426923953765e-07,4.401617249331615e-07,0.0,4.3609426923953765e-07,4.401617249331615e-07
266.0,4.143925001383312e-07,0.0,4.143925001383312e-07,4.182796694181227e-07,0.0,4.143925001383312e-07,4.182796694181227e-07,0.0,4.143925001383312e-07,4.182796694181227e-07
267.0,3.9367707274499945e-07,0.0,3.9367707274499945e-07,3.9739206512725115e-07,0.0,3.9367707274499945e-07,3.9739206512725115e-07,0.0,3.9367707274499945e-07,3.9739206512725115e-07
268.0,3.7390382711636236e-07,0.0,3.7390382711636236e-07,3.7745438896480093e-07,0.0,3.7390382711636236e-07,3.7745438896480093e-07,0.0,3.7390382711636236e-07,3.7745438896480093e-07
269.0,3.550305958658356e-07,0.0,3.550305958658356e-07,3.5842412199668913e-07,0.0,3.550305958658356e-07,3.5842412199668913e-07,0.0,3.550305958658356e-07,3.5842412199668913e-07
270.0,3.370171056735201e-07,0.0,3.370171056735201e-07,3.402606589325626e-07,0.0,3.370171056735201e-07,3.402606589325626e-07,0.0,3.370171056735201e-07,3.402606589325626e-07
271.0,3.198248956074914e-07,0.0,3.198248956074914e-07,3.2292522167108236e-07,0.0,3.198248956074914e-07,3.2292522167108236e-07,0.0,3.198248956074914e-07,3.2292522167108236e-07
272.0,3.0341723882995315e-07,0.0,3.0341723882995315e-07,3.063807768414547e-07,0.0,3.0341723882995315e-07,3.063807768414547e-07,0.0,3.0341723882995315e-07,3.063807768414547e-07
273.0,2.877590532254673e-07,0.0,2.877590532254673e-07,2.905919569479031e-07,0.0,2.877590532254673e-07,2.905919569479031e-07,0.0,2.877590532254673e-07,2.905919569479031e-07
274.0,2.728168461866353e-07,0.0,2.728168461866353e-07,2.7552498511003074e-07,0.0,2.728168461866353e-07,2.7552498511003074e-07,0.0,2.728168461866353e-07,2.7552498511003074e-07
275.0,2.5855861771649667e-07,0.0,2.5855861771649667e-07,2.6114760321528636e-07,0.0,2.5855861771649667e-07,2.6114760321528636e-07,0.0,2.5855861771649667e-07,2.6114760321528636e-07
276.0,2.4495381686754386e-07,0.0,2.4495381686754386e-07,2.4742900326673414e-07,0.0,2.4495381686754386e-07,2.4742900326673414e-07,0.0,2.4495381686754386e-07,2.4742900326673414e-07
277.0,2.3197325947438334e-07,0.0,2.3197325947438334e-07,2.3433976173937024e-07,0.0,2.3197325947438334e-07,2.3433976173937024e-07,0.0,2.3197325947438334e-07,2.3433976173937024e-07
278.0,2.1958907452762206e-07,0.0,2.1958907452762206e-07,2.2185177716342408e-07,0.0,2.1958907452762206e-07,2.2185177716342408e-07,0.0,2.1958907452762206e-07,2.2185177716342408e-07
279.0,2.0777464535807982e-07,0.0,2.0777464535807982e-07,2.0993821016396414e-07,0.0,2.0777464535807982e-07,2.0993821016396414e-07,0.0,2.0777464535807982e-07,2.0993821016396414e-07
280.0,1.9650454417185688e-07,0.0,1.9650454417185688e-07,1.9857342652097362e-07,0.0,1.9650454417185688e-07,1.9857342652097362e-07,0.0,1.9650454417185688e-07,1.9857342652097362e-07
281.0,1.8575449076896643e-07,0.0,1.8575449076896643e-07,1.8773294255793195e-07,0.0,1.8575449076896643e-07,1.8773294255793195e-07,0.0,1.8575449076896643e-07,1.8773294255793195e-07
282.0,1.7550129215014075e-07,0.0,1.7550129215014075e-07,1.7739337310383945e-07,0.0,1.7550129215014075e-07,1.7739337310383945e-07,0.0,1.7550129215014075e-07,1.7739337310383945e-07
283.0,1.6572279400438806e-07,0.0,1.6572279400438806e-07,1.6753238192094046e-07,0.0,1.6572279400438806e-07,1.6753238192094046e-07,0.0,1.6572279400438806e-07,1.6753238192094046e-07
284.0,1.563978361827325e-07,0.0,1.563978361827325e-07,1.5812863399006292e-07,0.0,1.563978361827325e-07,1.5812863399006292e-07,0.0,1.563978361827325e-07,1.5812863399006292e-07
285.0,1.475062077121655e-07,0.0,1.475062077121655e-07,1.4916175052761416e-07,0.0,1.475062077121655e-07,1.4916175052761416e-07,0.0,1.475062077121655e-07,1.4916175052761416e-07
286.0,1.3902860389332857e-07,0.0,1.3902860389332857e-07,1.4061226540435346e-07,0.0,1.3902860389332857e-07,1.4061226540435346e-07,0.0,1.3902860389332857e-07,1.4061226540435346e-07
287.0,1.3094657965666017e-07,0.0,1.3094657965666017e-07,1.3246158404555037e-07,0.0,1.3094657965666017e-07,1.3246158404555037e-07,0.0,1.3094657965666017e-07,1.3246158404555037e-07
288.0,1.2324251833663957e-07,0.0,1.2324251833663957e-07,1.246919438828272e-07,0.0,1.2324251833663957e-07,1.246919438828272e-07,0.0,1.2324251833663957e-07,1.246919438828272e-07
289.0,1.1589959117440424e-07,0.0,1.1589959117440424e-07,1.17286376746137e-07,0.0,1.1589959117440424e-07,1.17286376746137e-07,0.0,1.1589959117440424e-07,1.17286376746137e-07
290.0,1.0890172276823042e-07,0.0,1.0890172276823042e-07,1.1022867284780699e-07,0.0,1.0890172276823042e-07,1.1022867284780699e-07,0.0,1.0890172276823042e-07,1.1022867284780699e-07
291.0,1.0223355244790216e-07,0.0,1.0223355244790216e-07,1.0350334654541691e-07,0.0,1.0223355244790216e-07,1.0350334654541691e-07,0.0,1.0223355244790216e-07,1.0350334654541691e-07
292.0,9.588040805019486e-08,0.0,9.588040805019486e-08,9.70956034933766e-08,0.0,9.588040805019486e-08,9.70956034933766e-08,0.0,9.588040805019486e-08,9.70956034933766e-08
293.0,8.982826927806048e-08,0.0,8.982826927806048e-08,9.099130934376873e-08,0.0,8.982826927806048e-08,9.099130934376873e-08,0.0,8.982826927806048e-08,9.099130934376873e-08
294.0,8.40637442003323e-08,0.0,8.40637442003323e-08,8.517695993386667e-08,0.0,8.40637442003323e-08,8.517695993386667e-08,0.0,8.40637442003323e-08,8.517695993386667e-08
295.0,7.857403577022611e-08,0.0,7.857403577022611e-08,7.963965271419788e-08,0.0,7.857403577022611e-08,7.963965271419788e-08,0.0,7.857403577022611e-08,7.963965271419788e-08
296.0,7.334691599172657e-08,0.0,7.334691599172657e-08,7.436705955161379e-08,0.0,7.334691599172657e-08,7.436705955161379e-08,0.0,7.334691599172657e-08,7.436705955161379e-08
297.0,6.837070142923181e-08,0.0,6.837070142923181e-08,6.934740071796421e-08,0.0,6.837070142923181e-08,6.934740071796421e-08,0.0,6.837070142923181e-08,6.934740071796421e-08
298.0,6.363422797576159e-08,0.0,6.363422797576159e-08,6.456942006282774e-08,0.0,6.363422797576159e-08,6.456942006282774e-08,0.0,6.363422797576159e-08,6.456942006282774e-08
299.0,5.912682674716355e-08,0.0,5.912682674716355e-08,6.002236136421037e-08,0.0,5.912682674716355e-08,6.002236136421037e-08,0.0,5.912682674716355e-08,6.002236136421037e-08
300.0,5.483830261860264e-08,0.0,5.483830261860264e-08,5.569594563662465e-08,0.0,5.483830261860264e-08,5.569594563662465e-08,0.0,5.483830261860264e-08,5.569594563662465e-08
301.0,5.075891335239892e-08,0.0,5.075891335239892e-08,5.158034966218997e-08,0.0,5.075891335239892e-08,5.158034966218997e-08,0.0,5.075891335239892e-08,5.158034966218997e-08
302.0,4.687934587971547e-08,0.0,4.687934587971547e-08,4.76661852341986e-08,0.0,4.687934587971547e-08,4.76661852341986e-08,0.0,4.687934587971547e-08,4.76661852341986e-08
303.0,4.3190702183659074e-08,0.0,4.3190702183659074e-08,4.394447957409262e-08,0.0,4.3190702183659074e-08,4.394447957409262e-08,0.0,4.3190702183659074e-08,4.394447957409262e-08
304.0,3.9684472455612396e-08,0.0,3.9684472455612396e-08,4.040665649088784e-08,0.0,3.9684472455612396e-08,4.040665649088784e-08,0.0,3.9684472455612396e-08,4.040665649088784e-08
305.0,3.635252853596282e-08,0.0,3.635252853596282e-08,3.704451850980318e-08,0.0,3.635252853596282e-08,3.704451850980318e-08,0.0,3.635252853596282e-08,3.704451850980318e-08
306.0,3.3187097670458486e-08,0.0,3.3187097670458486e-08,3.3850229710490454e-08,0.0,3.3187097670458486e-08,3.3850229710490454e-08,0.0,3.3187097670458486e-08,3.3850229710490454e-08
307.0,3.0180749442274455e-08,0.0,3.0180749442274455e-08,3.081629936199082e-08,0.0,3.0180749442274455e-08,3.081629936199082e-08,0.0,3.0180749442274455e-08,3.081629936199082e-08
308.0,2.732638063293861e-08,0.0,2.732638063293861e-08,2.7935566324818296e-08,0.0,2.732638063293861e-08,2.7935566324818296e-08,0.0,2.732638063293861e-08,2.7935566324818296e-08
309.0,2.461720002742547e-08,0.0,2.461720002742547e-08,2.5201184184701074e-08,0.0,2.461720002742547e-08,2.5201184184701074e-08,0.0,2.461720002742547e-08,2.5201184184701074e-08
310.0,2.204671398679497e-08,0.0,2.204671398679497e-08,2.2606607035435897e-08,0.0,2.204671398679497e-08,2.2606607035435897e-08,0.0,2.204671398679497e-08,2.2606607035435897e-08
311.0,1.9608715248809416e-08,0.0,1.9608715248809416e-08,2.014557584036296e-08,0.0,1.9608715248809416e-08,2.014557584036296e-08,0.0,1.9608715248809416e-08,2.014557584036296e-08
312.0,1.7297266577490075e-08,0.0,1.7297266577490075e-08,1.7812105507533266e-08,0.0,1.7297266577490075e-08,1.7812105507533266e-08,0.0,1.7297266577490075e-08,1.7812105507533266e-08
313.0,1.5106690173915258e-08,0.0,1.5106690173915258e-08,1.5600472553766423e-08,0.0,1.5106690173915258e-08,1.5600472553766423e-08,0.0,1.5106690173915258e-08,1.5600472553766423e-08
314.0,1.3031557168822403e-08,0.0,1.3031557168822403e-08,1.350520317413522e-08,0.0,1.3031557168822403e-08,1.350520317413522e-08,0.0,1.3031557168822403e-08,1.350520317413522e-08
315.0,1.106667079824642e-08,0.0,1.106667079824642e-08,1.152106212485416e-08,0.0,1.106667079824642e-08,1.152106212485416e-08,0.0,1.106667079824642e-08,1.152106212485416e-08
316.0,9.207066786281553e-09,0.0,9.207066786281553e-09,9.643041789021903e-09,0.0,9.207066786281553e-09,9.643041789021903e-09,0.0,9.207066786281553e-09,9.643041789021903e-09
317.0,7.447992236783189e-09,0.0,7.447992236783189e-09,7.866352047650486e-09,0.0,7.447992236783189e-09,7.866352047650486e-09,0.0,7.447992236783189e-09,7.866352047650486e-09
318.0,5.784900555620761e-09,0.0,5.784900555620761e-09,6.186410320837378e-09,0.0,5.784900555620761e-09,6.186410320837378e-09,0.0,5.784900555620761e-09,6.186410320837378e-09
319.0,4.213442187235059e-09,0.0,4.213442187235059e-09,4.598832342768631e-09,0.0,4.213442187235059e-09,4.598832342768631e-09,0.0,4.213442187235059e-09,4.598832342768631e-09
320.0,2.7294568212402023e-09,0.0,2.7294568212402023e-09,3.099423140995747e-09,0.0,2.7294568212402023e-09,3.099423140995747e-09,0.0,2.7294568212402023e-09,3.099423140995747e-09
321.0,1.3289605396849102e-09,0.0,1.3289605396849102e-09,1.6841684713105767e-09,0.0,1.3289605396849102e-09,1.6841684713105767e-09,0.0,1.3289605396849102e-09,1.6841684713105767e-09
322.0,8.141412391494346e-12,0.0,8.141412391494346e-12,3.49226724608044e-10,0.0,8.141412391494346e-12,3.49226724608044e-10,0.0,8.141412391494346e-12,3.49226724608044e-10
323.0,0.0,0.0,0.0,0.0,0.0,0.0,0.0,0.0,0.0,0.0
324.0,0.0,0.0,0.0,0.0,0.0,0.0,0.0,0.0,0.0,0.0
325.0,0.0,0.0,0.0,0.0,0.0,0.0,0.0,0.0,0.0,0.0
326.0,0.0,0.0,0.0,0.0,0.0,0.0,0.0,0.0,0.0,0.0
327.0,0.0,0.0,0.0,0.0,0.0,0.0,0.0,0.0,0.0,0.0
328.0,0.0,0.0,0.0,0.0,0.0,0.0,0.0,0.0,0.0,0.0
329.0,0.0,0.0,0.0,0.0,0.0,0.0,0.0,0.0,0.0,0.0
330.0,0.0,0.0,0.0,0.0,0.0,0.0,0.0,0.0,0.0,0.0
331.0,0.0,0.0,0.0,0.0,0.0,0.0,0.0,0.0,0.0,0.0
332.0,0.0,0.0,0.0,0.0,0.0,0.0,0.0,0.0,0.0,0.0
333.0,0.0,0.0,0.0,0.0,0.0,0.0,0.0,0.0,0.0,0.0
334.0,0.0,0.0,0.0,0.0,0.0,0.0,0.0,0.0,0.0,0.0
335.0,0.0,0.0,0.0,0.0,0.0,0.0,0.0,0.0,0.0,0.0
336.0,0.0,0.0,0.0,0.0,0.0,0.0,0.0,0.0,0.0,0.0
337.0,0.0,0.0,0.0,0.0,0.0,0.0,0.0,0.0,0.0,0.0
338.0,0.0,0.0,0.0,0.0,0.0,0.0,0.0,0.0,0.0,0.0
339.0,0.0,0.0,0.0,0.0,0.0,0.0,0.0,0.0,0.0,0.0
340.0,0.0,0.0,0.0,0.0,0.0,0.0,0.0,0.0,0.0,0.0
