topology,n_pairs,seed,strategy,n_requests,throughput,throughput_ratio,purification_cost,resource_consumption_ratio
chain_8,4,11,threshold,4,1,0.25,20,20.0
chain_8,4,11,greedy,4,1,0.25,22,22.0
chain_8,4,11,psc,4,1,0.25,12,12.0
chain_8,4,12,threshold,4,3,0.75,12,4.0
chain_8,4,12,greedy,4,3,0.75,16,5.333333333333333
chain_8,4,12,psc,4,3,0.75,10,3.3333333333333335
chain_8,4,13,threshold,4,1,0.25,14,14.0
chain_8,4,13,greedy,4,1,0.25,16,16.0
chain_8,4,13,psc,4,1,0.25,6,6.0
chain_8,4,14,threshold,4,1,0.25,20,20.0
chain_8,4,14,greedy,4,1,0.25,22,22.0
chain_8,4,14,psc,4,1,0.25,10,10.0
chain_8,4,15,threshold,4,1,0.25,20,20.0
chain_8,4,15,greedy,4,1,0.25,22,22.0
chain_8,4,15,psc,4,1,0.25,12,12.0
chain_8,8,11,threshold,8,1,0.125,42,42.0
chain_8,8,11,greedy,8,1,0.125,42,42.0
chain_8,8,11,psc,8,1,0.125,14,14.0
chain_8,8,12,threshold,8,3,0.375,38,12.666666666666666
chain_8,8,12,greedy,8,3,0.375,38,12.666666666666666
chain_8,8,12,psc,8,3,0.375,14,4.666666666666667
chain_8,8,13,threshold,8,2,0.25,26,13.0
chain_8,8,13,greedy,8,2,0.25,30,15.0
chain_8,8,13,psc,8,2,0.25,10,5.0
chain_8,8,14,threshold,8,3,0.375,26,8.666666666666666
chain_8,8,14,greedy,8,3,0.375,30,10.0
chain_8,8,14,psc,8,3,0.375,10,3.3333333333333335
chain_8,8,15,threshold,8,3,0.375,32,10.666666666666666
chain_8,8,15,greedy,8,3,0.375,36,12.0
chain_8,8,15,psc,8,3,0.375,12,4.0
chain_8,12,11,threshold,12,2,0.16666666666666666,42,21.0
chain_8,12,11,greedy,12,2,0.16666666666666666,42,21.0
chain_8,12,11,psc,12,2,0.16666666666666666,14,7.0
chain_8,12,12,threshold,12,3,0.25,42,14.0
chain_8,12,12,greedy,12,3,0.25,42,14.0
chain_8,12,12,psc,12,3,0.25,14,4.666666666666667
chain_8,12,13,threshold,12,5,0.4166666666666667,28,5.6
chain_8,12,13,greedy,12,5,0.4166666666666667,32,6.4
chain_8,12,13,psc,12,5,0.4166666666666667,10,2.0
chain_8,12,14,threshold,12,3,0.25,32,10.666666666666666
chain_8,12,14,greedy,12,3,0.25,34,11.333333333333334
chain_8,12,14,psc,12,3,0.25,12,4.0
chain_8,12,15,threshold,12,3,0.25,36,12.0
chain_8,12,15,greedy,12,3,0.25,38,12.666666666666666
chain_8,12,15,psc,12,3,0.25,14,4.666666666666667
grid_4x4,4,11,threshold,4,1,0.25,14,14.0
grid_4x4,4,11,greedy,4,1,0.25,16,16.0
grid_4x4,4,11,psc,4,1,0.25,14,14.0
grid_4x4,4,12,threshold,4,1,0.25,26,26.0
grid_4x4,4,12,greedy,4,1,0.25,26,26.0
grid_4x4,4,12,psc,4,1,0.25,20,20.0
grid_4x4,4,13,threshold,4,3,0.75,8,2.6666666666666665
grid_4x4,4,13,greedy,4,3,0.75,14,4.666666666666667
grid_4x4,4,13,psc,4,3,0.75,8,2.6666666666666665
grid_4x4,4,14,threshold,4,0,0.0,26,
grid_4x4,4,14,greedy,4,0,0.0,26,
grid_4x4,4,14,psc,4,0,0.0,18,
grid_4x4,4,15,threshold,4,0,0.0,26,
grid_4x4,4,15,greedy,4,0,0.0,26,
grid_4x4,4,15,psc,4,0,0.0,20,
grid_4x4,8,11,threshold,8,3,0.375,24,8.0
grid_4x4,8,11,greedy,8,3,0.375,30,10.0
grid_4x4,8,11,psc,8,3,0.375,14,4.666666666666667
grid_4x4,8,12,threshold,8,2,0.25,46,23.0
grid_4x4,8,12,greedy,8,2,0.25,50,25.0
grid_4x4,8,12,psc,8,1,0.125,20,20.0
grid_4x4,8,13,threshold,8,5,0.625,20,4.0
grid_4x4,8,13,greedy,8,5,0.625,28,5.6
grid_4x4,8,13,psc,8,5,0.625,16,3.2
grid_4x4,8,14,threshold,8,1,0.125,44,44.0
grid_4x4,8,14,greedy,8,1,0.125,48,48.0
grid_4x4,8,14,psc,8,1,0.125,14,14.0
grid_4x4,8,15,threshold,8,1,0.125,40,40.0
grid_4x4,8,15,greedy,8,1,0.125,42,42.0
grid_4x4,8,15,psc,8,1,0.125,14,14.0
grid_4x4,12,11,threshold,12,3,0.25,44,14.666666666666666
grid_4x4,12,11,greedy,12,3,0.25,50,16.666666666666668
grid_4x4,12,11,psc,12,3,0.25,14,4.666666666666667
grid_4x4,12,12,threshold,12,3,0.25,66,22.0
grid_4x4,12,12,greedy,12,3,0.25,70,23.333333333333332
grid_4x4,12,12,psc,12,2,0.16666666666666666,14,7.0
grid_4x4,12,13,threshold,12,5,0.4166666666666667,40,8.0
grid_4x4,12,13,greedy,12,5,0.4166666666666667,48,9.6
grid_4x4,12,13,psc,12,5,0.4166666666666667,10,2.0
grid_4x4,12,14,threshold,12,1,0.08333333333333333,72,72.0
grid_4x4,12,14,greedy,12,1,0.08333333333333333,76,76.0
grid_4x4,12,14,psc,12,1,0.08333333333333333,16,16.0
grid_4x4,12,15,threshold,12,2,0.16666666666666666,50,25.0
grid_4x4,12,15,greedy,12,2,0.16666666666666666,54,27.0
grid_4x4,12,15,psc,12,2,0.16666666666666666,12,6.0
ring_12,4,11,threshold,4,3,0.75,16,5.333333333333333
ring_12,4,11,greedy,4,3,0.75,18,6.0
ring_12,4,11,psc,4,3,0.75,14,4.666666666666667
ring_12,4,12,threshold,4,0,0.0,38,
ring_12,4,12,greedy,4,0,0.0,38,
ring_12,4,12,psc,4,0,0.0,22,
ring_12,4,13,threshold,4,0,0.0,38,
ring_12,4,13,greedy,4,0,0.0,38,
ring_12,4,13,psc,4,0,0.0,20,
ring_12,4,14,threshold,4,1,0.25,24,24.0
ring_12,4,14,greedy,4,1,0.25,26,26.0
ring_12,4,14,psc,4,1,0.25,14,14.0
ring_12,4,15,threshold,4,0,0.0,28,
ring_12,4,15,greedy,4,0,0.0,28,
ring_12,4,15,psc,4,0,0.0,12,
ring_12,8,11,threshold,8,3,0.375,36,12.0
ring_12,8,11,greedy,8,3,0.375,36,12.0
ring_12,8,11,psc,8,3,0.375,16,5.333333333333333
ring_12,8,12,threshold,8,1,0.125,54,54.0
ring_12,8,12,greedy,8,1,0.125,54,54.0
ring_12,8,12,psc,8,1,0.125,20,20.0
ring_12,8,13,threshold,8,1,0.125,50,50.0
ring_12,8,13,greedy,8,1,0.125,52,52.0
ring_12,8,13,psc,8,1,0.125,20,20.0
ring_12,8,14,threshold,8,5,0.625,26,5.2
ring_12,8,14,greedy,8,5,0.625,34,6.8
ring_12,8,14,psc,8,5,0.625,16,3.2
ring_12,8,15,threshold,8,1,0.125,46,46.0
ring_12,8,15,greedy,8,1,0.125,46,46.0
ring_12,8,15,psc,8,1,0.125,18,18.0
ring_12,12,11,threshold,12,3,0.25,62,20.666666666666668
ring_12,12,11,greedy,12,3,0.25,62,20.666666666666668
ring_12,12,11,psc,12,3,0.25,20,6.666666666666667
ring_12,12,12,threshold,12,2,0.16666666666666666,62,31.0
ring_12,12,12,greedy,12,2,0.16666666666666666,62,31.0
ring_12,12,12,psc,12,2,0.16666666666666666,20,10.0
ring_12,12,13,threshold,12,4,0.3333333333333333,60,15.0
ring_12,12,13,greedy,12,4,0.3333333333333333,66,16.5
ring_12,12,13,psc,12,3,0.25,20,6.666666666666667
ring_12,12,14,threshold,12,8,0.6666666666666666,26,3.25
ring_12,12,14,greedy,12,8,0.6666666666666666,40,5.0
ring_12,12,14,psc,12,8,0.6666666666666666,16,2.0
ring_12,12,15,threshold,12,2,0.16666666666666666,54,27.0
ring_12,12,15,greedy,12,2,0.16666666666666666,56,28.0
ring_12,12,15,psc,12,2,0.16666666666666666,20,10.0
random_geometric_12,4,11,threshold,4,4,1.0,4,1.0
random_geometric_12,4,11,greedy,4,4,1.0,10,2.5
random_geometric_12,4,11,psc,4,4,1.0,2,0.5
random_geometric_12,4,12,threshold,4,1,0.25,16,16.0
random_geometric_12,4,12,greedy,4,1,0.25,18,18.0
random_geometric_12,4,12,psc,4,1,0.25,16,16.0
random_geometric_12,4,13,threshold,4,3,0.75,8,2.6666666666666665
random_geometric_12,4,13,greedy,4,3,0.75,14,4.666666666666667
random_geometric_12,4,13,psc,4,3,0.75,8,2.6666666666666665
random_geometric_12,4,14,threshold,4,3,0.75,12,4.0
random_geometric_12,4,14,greedy,4,3,0.75,16,5.333333333333333
random_geometric_12,4,14,psc,4,3,0.75,10,3.3333333333333335
random_geometric_12,4,15,threshold,4,4,1.0,10,2.5
random_geometric_12,4,15,greedy,4,4,1.0,12,3.0
random_geometric_12,4,15,psc,4,4,1.0,8,2.0
random_geometric_12,8,11,threshold,8,6,0.75,14,2.3333333333333335
random_geometric_12,8,11,greedy,8,6,0.75,26,4.333333333333333
random_geometric_12,8,11,psc,8,6,0.75,12,2.0
random_geometric_12,8,12,threshold,8,4,0.5,24,6.0
random_geometric_12,8,12,greedy,8,4,0.5,30,7.5
random_geometric_12,8,12,psc,8,4,0.5,20,5.0
random_geometric_12,8,13,threshold,8,6,0.75,18,3.0
random_geometric_12,8,13,greedy,8,6,0.75,26,4.333333333333333
random_geometric_12,8,13,psc,8,5,0.625,8,1.6
random_geometric_12,8,14,threshold,8,4,0.5,36,9.0
random_geometric_12,8,14,greedy,8,4,0.5,40,10.0
random_geometric_12,8,14,psc,8,4,0.5,16,4.0
random_geometric_12,8,15,threshold,8,5,0.625,30,6.0
random_geometric_12,8,15,greedy,8,5,0.625,32,6.4
random_geometric_12,8,15,psc,8,5,0.625,18,3.6
random_geometric_12,12,11,threshold,12,8,0.6666666666666666,24,3.0
random_geometric_12,12,11,greedy,12,8,0.6666666666666666,40,5.0
random_geometric_12,12,11,psc,12,8,0.6666666666666666,18,2.25
random_geometric_12,12,12,threshold,12,4,0.3333333333333333,42,10.5
random_geometric_12,12,12,greedy,12,4,0.3333333333333333,44,11.0
random_geometric_12,12,12,psc,12,4,0.3333333333333333,16,4.0
random_geometric_12,12,13,threshold,12,7,0.5833333333333334,42,6.0
random_geometric_12,12,13,greedy,12,7,0.5833333333333334,48,6.857142857142857
random_geometric_12,12,13,psc,12,5,0.4166666666666667,16,3.2
random_geometric_12,12,14,threshold,12,5,0.4166666666666667,48,9.6
random_geometric_12,12,14,greedy,12,5,0.4166666666666667,52,10.4
random_geometric_12,12,14,psc,12,5,0.4166666666666667,16,3.2
random_geometric_12,12,15,threshold,12,7,0.5833333333333334,42,6.0
random_geometric_12,12,15,greedy,12,7,0.5833333333333334,44,6.285714285714286
random_geometric_12,12,15,psc,12,6,0.5,16,2.6666666666666665
erdos_renyi_12,4,11,threshold,4,4,1.0,4,1.0
erdos_renyi_12,4,11,greedy,4,4,1.0,10,2.5
erdos_renyi_12,4,11,psc,4,4,1.0,2,0.5
erdos_renyi_12,4,12,threshold,4,0,0.0,24,
erdos_renyi_12,4,12,greedy,4,0,0.0,24,
erdos_renyi_12,4,12,psc,4,0,0.0,18,
erdos_renyi_12,4,13,threshold,4,3,0.75,10,3.3333333333333335
erdos_renyi_12,4,13,greedy,4,3,0.75,16,5.333333333333333
erdos_renyi_12,4,13,psc,4,3,0.75,10,3.3333333333333335
erdos_renyi_12,4,14,threshold,4,2,0.5,20,10.0
erdos_renyi_12,4,14,greedy,4,2,0.5,22,11.0
erdos_renyi_12,4,14,psc,4,2,0.5,18,9.0
erdos_renyi_12,4,15,threshold,4,1,0.25,18,18.0
erdos_renyi_12,4,15,greedy,4,1,0.25,20,20.0
erdos_renyi_12,4,15,psc,4,1,0.25,12,12.0
erdos_renyi_12,8,11,threshold,8,6,0.75,14,2.3333333333333335
erdos_renyi_12,8,11,greedy,8,6,0.75,26,4.333333333333333
erdos_renyi_12,8,11,psc,8,6,0.75,10,1.6666666666666667
erdos_renyi_12,8,12,threshold,8,1,0.125,38,38.0
erdos_renyi_12,8,12,greedy,8,1,0.125,38,38.0
erdos_renyi_12,8,12,psc,8,1,0.125,14,14.0
erdos_renyi_12,8,13,threshold,8,4,0.5,22,5.5
erdos_renyi_12,8,13,greedy,8,4,0.5,32,8.0
erdos_renyi_12,8,13,psc,8,2,0.25,12,6.0
erdos_renyi_12,8,14,threshold,8,5,0.625,30,6.0
erdos_renyi_12,8,14,greedy,8,5,0.625,42,8.4
erdos_renyi_12,8,14,psc,8,5,0.625,20,4.0
erdos_renyi_12,8,15,threshold,8,2,0.25,38,19.0
erdos_renyi_12,8,15,greedy,8,2,0.25,40,20.0
erdos_renyi_12,8,15,psc,8,2,0.25,16,8.0
erdos_renyi_12,12,11,threshold,12,8,0.6666666666666666,26,3.25
erdos_renyi_12,12,11,greedy,12,8,0.6666666666666666,40,5.0
erdos_renyi_12,12,11,psc,12,8,0.6666666666666666,16,2.0
erdos_renyi_12,12,12,threshold,12,4,0.3333333333333333,40,10.0
erdos_renyi_12,12,12,greedy,12,4,0.3333333333333333,46,11.5
erdos_renyi_12,12,12,psc,12,4,0.3333333333333333,14,3.5
erdos_renyi_12,12,13,threshold,12,6,0.5,32,5.333333333333333
erdos_renyi_12,12,13,greedy,12,6,0.5,48,8.0
erdos_renyi_12,12,13,psc,12,5,0.4166666666666667,14,2.8
erdos_renyi_12,12,14,threshold,12,6,0.5,48,8.0
erdos_renyi_12,12,14,greedy,12,5,0.4166666666666667,52,10.4
erdos_renyi_12,12,14,psc,12,6,0.5,16,2.6666666666666665
erdos_renyi_12,12,15,threshold,12,3,0.25,48,16.0
erdos_renyi_12,12,15,greedy,12,3,0.25,52,17.333333333333332
erdos_renyi_12,12,15,psc,12,3,0.25,16,5.333333333333333
watts_strogatz_12,4,11,threshold,4,3,0.75,10,3.3333333333333335
watts_strogatz_12,4,11,greedy,4,3,0.75,12,4.0
watts_strogatz_12,4,11,psc,4,3,0.75,8,2.6666666666666665
watts_strogatz_12,4,12,threshold,4,1,0.25,18,18.0
watts_strogatz_12,4,12,greedy,4,1,0.25,18,18.0
watts_strogatz_12,4,12,psc,4,1,0.25,16,16.0
watts_strogatz_12,4,13,threshold,4,2,0.5,12,6.0
watts_strogatz_12,4,13,greedy,4,2,0.5,18,9.0
watts_strogatz_12,4,13,psc,4,2,0.5,12,6.0
watts_strogatz_12,4,14,threshold,4,2,0.5,14,7.0
watts_strogatz_12,4,14,greedy,4,2,0.5,18,9.0
watts_strogatz_12,4,14,psc,4,2,0.5,10,5.0
watts_strogatz_12,4,15,threshold,4,3,0.75,12,4.0
watts_strogatz_12,4,15,greedy,4,3,0.75,16,5.333333333333333
watts_strogatz_12,4,15,psc,4,3,0.75,12,4.0
watts_strogatz_12,8,11,threshold,8,4,0.5,20,5.0
watts_strogatz_12,8,11,greedy,8,4,0.5,24,6.0
watts_strogatz_12,8,11,psc,8,4,0.5,14,3.5
watts_strogatz_12,8,12,threshold,8,4,0.5,28,7.0
watts_strogatz_12,8,12,greedy,8,4,0.5,32,8.0
watts_strogatz_12,8,12,psc,8,4,0.5,18,4.5
watts_strogatz_12,8,13,threshold,8,5,0.625,24,4.8
watts_strogatz_12,8,13,greedy,8,5,0.625,32,6.4
watts_strogatz_12,8,13,psc,8,5,0.625,14,2.8
watts_strogatz_12,8,14,threshold,8,6,0.75,14,2.3333333333333335
watts_strogatz_12,8,14,greedy,8,6,0.75,28,4.666666666666667
watts_strogatz_12,8,14,psc,8,6,0.75,10,1.6666666666666667
watts_strogatz_12,8,15,threshold,8,3,0.375,32,10.666666666666666
watts_strogatz_12,8,15,greedy,8,3,0.375,36,12.0
watts_strogatz_12,8,15,psc,8,1,0.125,14,14.0
watts_strogatz_12,12,11,threshold,12,7,0.5833333333333334,30,4.285714285714286
watts_strogatz_12,12,11,greedy,12,7,0.5833333333333334,36,5.142857142857143
watts_strogatz_12,12,11,psc,12,6,0.5,12,2.0
watts_strogatz_12,12,12,threshold,12,5,0.4166666666666667,38,7.6
watts_strogatz_12,12,12,greedy,12,5,0.4166666666666667,44,8.8
watts_strogatz_12,12,12,psc,12,5,0.4166666666666667,16,3.2
watts_strogatz_12,12,13,threshold,12,9,0.75,26,2.888888888888889
watts_strogatz_12,12,13,greedy,12,9,0.75,42,4.666666666666667
watts_strogatz_12,12,13,psc,12,8,0.6666666666666666,14,1.75
watts_strogatz_12,12,14,threshold,12,9,0.75,20,2.2222222222222223
watts_strogatz_12,12,14,greedy,12,9,0.75,36,4.0
watts_strogatz_12,12,14,psc,12,9,0.75,12,1.3333333333333333
watts_strogatz_12,12,15,threshold,12,5,0.4166666666666667,42,8.4
watts_strogatz_12,12,15,greedy,12,5,0.4166666666666667,46,9.2
watts_strogatz_12,12,15,psc,12,4,0.3333333333333333,14,3.5
barabasi_albert_12,4,11,threshold,4,1,0.25,18,18.0
barabasi_albert_12,4,11,greedy,4,1,0.25,22,22.0
barabasi_albert_12,4,11,psc,4,1,0.25,6,6.0
barabasi_albert_12,4,12,threshold,4,2,0.5,14,7.0
barabasi_albert_12,4,12,greedy,4,2,0.5,14,7.0
barabasi_albert_12,4,12,psc,4,2,0.5,12,6.0
barabasi_albert_12,4,13,threshold,4,3,0.75,8,2.6666666666666665
barabasi_albert_12,4,13,greedy,4,3,0.75,16,5.333333333333333
barabasi_albert_12,4,13,psc,4,3,0.75,8,2.6666666666666665
barabasi_albert_12,4,14,threshold,4,1,0.25,14,14.0
barabasi_albert_12,4,14,greedy,4,1,0.25,16,16.0
barabasi_albert_12,4,14,psc,4,1,0.25,14,14.0
barabasi_albert_12,4,15,threshold,4,4,1.0,6,1.5
barabasi_albert_12,4,15,greedy,4,4,1.0,10,2.5
barabasi_albert_12,4,15,psc,4,4,1.0,6,1.5
barabasi_albert_12,8,11,threshold,8,4,0.5,24,6.0
barabasi_albert_12,8,11,greedy,8,4,0.5,34,8.5
barabasi_albert_12,8,11,psc,8,4,0.5,12,3.0
barabasi_albert_12,8,12,threshold,8,5,0.625,22,4.4
barabasi_albert_12,8,12,greedy,8,5,0.625,26,5.2
barabasi_albert_12,8,12,psc,8,4,0.5,14,3.5
barabasi_albert_12,8,13,threshold,8,4,0.5,20,5.0
barabasi_albert_12,8,13,greedy,8,4,0.5,32,8.0
barabasi_albert_12,8,13,psc,8,4,0.5,14,3.5
barabasi_albert_12,8,14,threshold,8,4,0.5,26,6.5
barabasi_albert_12,8,14,greedy,8,4,0.5,32,8.0
barabasi_albert_12,8,14,psc,8,4,0.5,18,4.5
barabasi_albert_12,8,15,threshold,8,6,0.75,18,3.0
barabasi_albert_12,8,15,greedy,8,6,0.75,24,4.0
barabasi_albert_12,8,15,psc,8,6,0.75,16,2.6666666666666665
barabasi_albert_12,12,11,threshold,12,6,0.5,34,5.666666666666667
barabasi_albert_12,12,11,greedy,12,6,0.5,46,7.666666666666667
barabasi_albert_12,12,11,psc,12,6,0.5,14,2.3333333333333335
barabasi_albert_12,12,12,threshold,12,7,0.5833333333333334,30,4.285714285714286
barabasi_albert_12,12,12,greedy,12,7,0.5833333333333334,38,5.428571428571429
barabasi_albert_12,12,12,psc,12,5,0.4166666666666667,14,2.8
barabasi_albert_12,12,13,threshold,12,6,0.5,28,4.666666666666667
barabasi_albert_12,12,13,greedy,12,6,0.5,44,7.333333333333333
barabasi_albert_12,12,13,psc,12,6,0.5,14,2.3333333333333335
barabasi_albert_12,12,14,threshold,12,6,0.5,30,5.0
barabasi_albert_12,12,14,greedy,12,6,0.5,40,6.666666666666667
barabasi_albert_12,12,14,psc,12,6,0.5,14,2.3333333333333335
barabasi_albert_12,12,15,threshold,12,7,0.5833333333333334,32,4.571428571428571
barabasi_albert_12,12,15,greedy,12,7,0.5833333333333334,38,5.428571428571429
barabasi_albert_12,12,15,psc,12,5,0.4166666666666667,12,2.4
